x1,x2,x3,x4,x5,x6,y
-1.0,-1.0,-0.6510187626527796,-0.220454454395694,0.8889562476310773,1.0,2.9048869834392725
0.09970415942889967,-0.4364022163785989,0.2648520753198959,-1.0,-0.21970432629651748,-1.0,3.8511509534287027
-0.27089142877762296,0.23791748092640008,-0.597740955421365,0.37410834511347335,0.20628774976101316,0.0792131456796699,0.07130653941340859
1.0,1.0,1.0,1.0,0.954451603974656,0.32402067952565733,-8.734601876394569
-1.0,-0.7205632006249637,-0.3441750821067773,0.5886262068149579,0.829118090991805,0.2538446698278514,1.1524995844094894
0.8869265772552455,0.3188988601783478,1.0,0.15358366798809042,0.6721804216827841,0.4558679965860844,-3.6745527818541204
-0.12950568098417725,0.03157942770389344,-0.21584339964716093,-0.21105232567973758,0.1305088716936183,-0.4209741961190081,0.41254062046930495
-1.0,0.8112350803340691,-1.0,0.3369237863698654,0.45237005274332776,0.7431814899623186,8.344566515334073
-0.8026218158604106,-0.9797466102675505,-0.3474417061157943,-1.0,-0.9605315193963437,-0.20245293403986592,1.7358791843060026
0.048461460782431603,-0.22577931274473395,-0.5540641169867137,-0.3401293742092509,-0.315182340414139,-0.6572974450787847,1.7646144499400611
-0.8894283012230817,0.14098095151892648,-1.0,-0.1459079810013154,-0.7170560130292672,0.9415633227394254,4.9677897949153405
-0.38831742977488215,-0.6877188987250917,-1.0,-0.8584256848670548,1.0,1.0,4.16739934473415
0.5995347647687259,0.7301213874628593,1.0,0.09421751493447428,-1.0,-1.0,1.9075976292995196
-1.0,-1.0,-1.0,-1.0,-0.7535388926829227,0.028286422654048238,-4.757203534169013
-0.6509480976037499,-0.26319616115449995,-0.5555206589683285,-0.3098269750346906,-1.0,0.5165476389649453,-0.5464124372515051
-1.0,-1.0,-1.0,-1.0,-1.0,-1.0,4.679382279578485
-0.8170578948674527,-1.0,0.09930806041698503,-1.0,-0.08000318233703574,-0.8892272558642775,4.029387280733142
1.0,1.0,0.5948109966824842,-0.382991627752786,0.6241847145074448,0.27028957002071574,-1.723866959877357
-0.5365182326632736,0.4843775135246597,-0.034762244841068046,-0.955155547844531,1.0,0.8821000306284728,6.578203240714094
-1.0,-0.16727930489323617,1.0,-0.8265392890671617,1.0,0.6494630447124957,-2.190941647635121
0.8062893652692011,-0.600348994797057,-1.0,-0.6575740470021699,0.7003402053100661,1.0,-0.036437525484483535
-0.4707864474162442,-0.3272906482701815,-1.0,-1.0,-1.0,-1.0,2.0122620779841576
0.2249356404942574,1.0,1.0,0.2903877020885385,1.0,0.9049412228625098,-3.129080075690663
-1.0,-0.9378361569861478,-0.9108776789713167,-0.044123585804059395,-0.7980797239900895,-1.0,2.4386638813424355
-0.20440800991774166,0.2756232135346457,-1.0,-0.18004024440411082,-0.3344917398985493,0.9117398782392095,5.7901330575222865
-0.2922277021818942,-0.26437090216596226,0.23990394358684863,-0.9490898549323483,0.2094572813584895,-0.00970342920695777,-0.21140015009883484
-0.2016104215100134,1.0,0.3202723439450301,0.05244189030772414,-0.5404578905750751,1.0,2.0908246353494677
0.5061155912120928,-0.05738423699625351,0.24488404160196225,-0.03358098631262513,-0.9485166872952487,0.4568655630350469,1.562011092861861
-0.2024463112359272,0.027883662859791047,0.25025496002811265,-1.0,0.03523053903154971,-0.15936228790055867,-0.16660695313205187
0.16472155582644943,-1.0,-1.0,-0.82113284157266,0.31448539214083476,0.9908123991095853,-0.7040045084620884
-0.13054055276850823,-0.17870162255338712,0.8693059734953588,1.0,1.0,0.9997285396183927,0.7661450290803545
0.3549258009652989,0.8287758038683466,-0.1335404193439631,1.0,0.04277775962471064,-0.34266189458224405,1.0847408535463496
-0.35519869436058477,-0.07468744422006279,-1.0,0.47897007532802494,-1.0,-1.0,1.1613173855797132
1.0,0.9446451704952223,0.8896812488905943,-0.01079307862083298,0.4704568854690878,-0.21483142357917595,-2.3233727607628407
0.9323190001073661,1.0,0.9503876196808809,0.7426359826086968,-1.0,0.41309016322997216,2.054044493884044
1.0,0.2813276673555758,1.0,1.0,0.8000002246540143,-1.0,-2.353763136497669
0.3280002776267353,1.0,1.0,-0.2976931760499226,-0.48606606767221655,0.3140711970037574,-2.5361391550417633
-1.0,-0.9627722632830976,-0.9672793564016324,-0.08025651404274359,-1.0,-1.0,0.45521866166844305
0.16692892342582874,0.6927868789617746,-0.8852762879938032,-0.050106860365948136,0.9192113003888451,-0.5824316068626819,-0.38028566210048464
-0.12486366754964223,-0.4977821863761007,-1.0,0.5517061607317223,-0.8128996080120114,-0.24812464965237546,-0.7063383954532125
-0.16144827282377894,0.9244294998566438,-0.713668473650636,0.942195934310476,-0.42923914323614376,-0.026412905989789293,0.32202358509569273
0.5617720337016452,-0.1615296565879385,0.649210183134159,0.1640870091012625,0.20030098583791334,1.0,-0.4117063908148114
1.0,0.7219656561685532,0.876096832983229,0.05773966411645226,0.3083618146756636,-0.6352991833251037,-0.4303122283202166
-1.0,-1.0,-0.31424583853375343,-1.0,-0.5660329921303597,-1.0,3.495463960972476
1.0,0.08930646542493603,1.0,0.2390410826711531,-0.47421305725565877,0.6252806087117897,0.9889566776090063
-0.6081698690778904,-0.5569854344450956,-0.28805780687663074,-1.0,-1.0,-1.0,4.901301105608459
-1.0,-0.33473246048320937,-0.5240680567597428,-0.22291194481255672,-1.0,0.4012814563020768,-2.6597947180433823
-1.0,-1.0,-0.12144153656217083,-1.0,0.2598922340277172,0.827393000470826,-2.890735024616673
0.5589208950799758,1.0,0.8474186253654017,0.37742209431705653,-0.9095464223826466,-1.0,2.4730000341529577
-0.7627521136295388,-0.30330236423050017,-0.2599576885835062,-1.0,-0.7078969140314398,0.02613608585795224,0.03783016048087645
-0.3148115599069484,-0.21290988195442062,0.599262996523826,-0.9469716649475225,-0.18296319832509056,-0.9585958274142383,3.851417775219395
-0.8551966392186102,-0.34684282871152106,-0.7627082677016781,-0.46356774869953693,-1.0,-0.3088289613266879,-1.9828523603663657
0.5331329189320233,-0.5925193206032038,-0.007621844984497403,-1.0,0.09779295714905456,0.2502571523459274,-0.2763114421127243
0.5791153022335103,1.0,-0.5211450619629618,-0.3801092987530438,0.0872123880536162,0.19810809131011686,1.4116157060111962
0.496392205123922,1.0,1.0,1.0,1.0,0.7398305584058391,-8.505470761532951
0.10385554254376739,-1.0,-0.2279790028511942,-0.6347802325436183,0.15925250725656848,-0.48168028039950783,0.5085063143737081
0.22402198523968841,1.0,0.25464808358873925,0.6434463489360865,0.1448079812332136,0.07635529853191514,-0.8243297791927624
-1.0,-0.3190731651815696,-0.15718438555991354,0.4339400902224941,-0.6369176582530851,0.41122330186354233,-1.317008096476644
-0.09013233337145554,0.4038260391454839,-0.2820880577503666,-0.7148839171091665,1.0,1.0,6.892623248899627
-0.2606858249132311,-0.4896602321543848,-1.0,-0.2633633155906875,1.0,0.1280123077087152,-0.7581282411812391
-1.0,-0.49390549407562184,0.11824294000378682,0.06518472511315099,-0.009715285630055581,0.8880397034212187,-1.0475012202410336
1.0,1.0,1.0,0.18068881077919907,-0.289476015781575,-0.9402940215924604,1.2019431466080652
1.0,0.7536612292742999,-0.16617493027146957,1.0,-0.9973632907800358,0.2702782383750381,4.950369686103661
-0.5216491685598408,-1.0,-0.765400891583785,-0.16602997054874136,-0.27218916343305577,-0.6097252076334796,-1.169139772709266
-0.22206229434572533,-0.44207372778921994,-0.6951793117264333,-1.0,0.28003422593089256,-0.09068652042810191,-1.087023298974092
1.0,-0.15067159546075184,-0.5045829638235362,-0.7363913886223142,-1.0,-0.05584183244887897,3.8762751152481902
1.0,-0.20825583571680473,0.19256093209787029,0.3246872625860608,-0.9146834068277767,-0.8399742022733111,6.799484862376396
0.43909795724878786,-0.08646731973735045,0.6669429382624796,1.0,0.5521796991264807,-0.2974494738176488,-0.8603353424434019
-1.0,1.0,-1.0,0.24662831402808827,0.6162625323008064,1.0,13.12931430104577
-0.8647941944021742,-1.0,-0.9495996135790761,-1.0,-0.7385136428486295,0.7676999320214449,-2.26348313287812
1.0,-0.28331172665026777,1.0,-0.27110848883682437,1.0,-0.1792744663633935,-2.8204462222603732
1.0,0.015387654743997281,-0.6257993292856354,-0.7321457580298601,1.0,0.12166979505055564,-2.383107128972476
-1.0,-1.0,-0.9510128416264753,-0.4229449270384334,1.0,-0.6606912741229396,-1.2042970068846393
1.0,-0.6783866297781854,0.5929083136339599,-0.9181818577181856,0.03840313423461428,0.22413541672559278,-0.14086507090961814
-1.0,-0.428414261799569,0.25141049712717045,0.9332322868870162,0.3996915541269195,0.13126951660005048,-0.10604152578161186
-0.8541955454332918,-0.010706512406781776,-0.5217720947760703,-0.35313300162703276,-0.2183790621889729,-0.7543401326679797,1.4083637514303822
1.0,1.0,1.0,1.0,0.15994608226875848,-0.48401745292692977,-1.026501331286684
-0.1722317907206115,0.5737688395211213,-0.4465390924988365,0.3108038895518533,0.678705350342288,-0.650840806939119,0.5294875335245663
0.6150433932816886,-0.8173538307156971,0.5650244638415498,-0.2784558356505008,0.7656693063408162,1.0,-0.7081890701790685
-0.4896813430165141,-0.6667565045098169,-1.0,-0.09870684717863987,-0.6495163706000897,0.6968070928747438,0.9411115378560969
0.3760628025677129,0.7850155648643322,0.13605442518275251,0.2858107396404852,-1.0,-0.9685166356823045,2.719819440810845
-1.0,-0.7908688117466376,-1.0,-0.8250543196982233,1.0,1.0,2.5001054351019243
1.0,0.19914894000728145,-0.28759136820826153,1.0,1.0,1.0,1.8471565806391639
1.0,0.9656405487839981,0.4633050124732834,1.0,-1.0,-1.0,10.4349436636323
-0.07347065085645454,-1.0,-1.0,-1.0,0.7581697136951238,1.0,-1.657298914689341
-1.0,0.39640182815238845,-0.4151975054739554,-0.8277675244626033,1.0,1.0,8.03258387937346
0.03164879532337461,1.0,0.5652126930097059,1.0,1.0,1.0,-0.01811146884912307
-0.5507501230420295,-1.0,-0.47187524707787043,0.2676687198271667,-0.5145882536470922,0.0209060451750136,-2.829709755031774
0.10399381378215267,-0.14939208503985713,-1.0,-0.01362524807830301,-0.03923974892264359,0.13996899776191662,0.8775721860938447
1.0,0.20758579035331315,0.2125649616064189,0.29777629489211055,0.658170757749075,1.0,0.24171897743255247
-1.0,-1.0,-0.642112751727884,-0.12773673483091258,1.0,1.0,3.664512471480703
-0.06619603943315866,-1.0,-0.8484853565608943,-1.0,1.0,0.7965576603724438,-1.3942036408715224
-0.039108869979915334,-1.0,0.037865021992301795,0.07950935649853696,-0.22456151018723847,-0.7365497091001851,2.6223668238919924
-1.0,-0.3455545241584397,-1.0,-0.4882521533772523,1.0,0.10617288510230294,-1.8311634836804829
1.0,-0.24175851163073492,-0.14493450124395338,-0.9415206890738139,0.30940779775040594,-0.6051937654493114,1.0513526328064733
-0.9747854635607132,-1.0,-0.46962342625921416,-1.0,-1.0,-0.670044744860806,3.53481007045143
-1.0,-1.0,-0.9651370314774621,-0.740206509313492,-0.7468237489583149,0.7056476740315942,-3.233174136920574
0.44702638238624054,-0.1627553151377809,1.0,0.48480545753826243,0.9177819319613467,1.0,-3.033777073309213
-1.0,-0.6110253170830591,-1.0,-1.0,-0.039014215428097576,0.931143695381151,1.438702317057097
0.8412297589238975,0.5784589902449013,0.3346911200568967,0.9171715525391226,0.7309234616133442,1.0,-0.46735758699877616
-1.0,-1.0,-0.9341368031497694,-0.9469701808591204,-0.3974303029103603,1.0,-1.4492040091328466
-0.5986557095060587,-0.4635772091523609,-1.0,-0.673866448798691,-0.07089370893394431,-0.9542200601062414,4.23583419198312
-1.0,-0.15577188754223958,-0.4884880621720388,-1.0,-0.7928499075135229,-0.8865797710483834,1.1946609546124747
-0.6599336311804694,0.03833060464521498,0.1798198658448415,0.6823670630730327,1.0,1.0,6.570343820497278
0.12006604967977452,-1.0,0.5957573226379386,-0.06893255600114495,0.3361925512423469,0.016475855117596194,0.20646835821052067
1.0,0.5894617793540105,0.1757002557261671,1.0,0.22450420738950025,0.3667967191126231,-1.3809663631263445
-1.0,-0.13324338593696372,-0.3905096530462726,-0.5456995943930476,-0.6060201695229044,-0.0764190058060995,-1.3636670040058732
0.055099790521304426,1.0,-0.8261394362747871,0.8065722433553568,-0.4430497721406109,0.8042487823069211,4.734594015622735
1.0,1.0,1.0,-0.5795120592369472,-0.7215484196542319,1.0,2.0520108815079436
-0.024650563789037183,1.0,0.14287911079704874,1.0,-0.29385633905773745,-0.24325539501998028,1.0243063292236245
0.39284960423532433,-0.06919899813209307,0.6169710183525333,-0.12120664997736241,-0.9507490082380362,-1.0,4.273160632777845
1.0,1.0,-0.22019908617810124,0.8346147123866217,-1.0,-0.498586601507366,5.735043138809309
-0.9922248289204084,-1.0,-0.846043321138845,-0.088688224621087,-0.7203745340884258,-1.0,1.045559953714473
-0.6753988950186668,-0.6995407430840035,-1.0,-0.15268784971727895,0.4101330283637088,-0.05039497638808166,-1.805417971721964
-1.0,0.28124690334781566,-1.0,0.736915252861144,-0.46813273811513145,-1.0,5.426227799054151
1.0,0.6978399779721032,-1.0,-0.08866936677064718,-1.0,-0.05442420277704878,4.970278864163573
0.575220108332791,-0.08514417211538483,0.6346338905739534,0.7431614268000648,-1.0,0.3313836278971469,1.9082825144001074
1.0,-0.4711199743166077,1.0,0.640907978234567,-1.0,-0.4747865441773407,7.303105341319196
0.3842194546733277,0.7291908532167517,0.11235139493906637,0.6290695705859712,-1.0,-0.13013186244081087,0.9617207332106871
0.5885851222326995,0.342166695863791,0.5960879970390351,0.6507761887425074,-1.0,-1.0,5.618052463136279
1.0,0.7983143917090796,-1.0,-1.0,-0.6086610722765495,-0.07501104165421013,4.607702804489919
0.2874804366043276,0.2652764266266963,-0.6016096415161094,-1.0,-0.2868271919136376,0.0941199667131759,0.19436631599352058
-1.0,-1.0,-1.0,-0.48528729438637663,-1.0,0.6407922928938732,-3.9274412389376603
0.08445541101117374,-0.598182673382427,-1.0,-1.0,-1.0,-1.0,4.144006659834761
0.5360344047854593,-0.08081092331135328,0.20188211724819705,1.0,0.32448155700878434,0.19934105718891565,-0.5299966717757134
-1.0,-0.7676101071360656,0.6830473862552995,-1.0,-1.0,-0.6146259937125043,3.496233544151307
-0.797677965724739,-1.0,-1.0,-0.27407985440233706,0.5949431464036241,0.5251399383333895,-1.8504353197227588
-0.28674405596719765,-0.07173751404484596,-1.0,-0.6873304137176832,1.0,-0.4750779955969542,0.24628234854978526
1.0,0.43605560331020077,-0.2707589350000671,0.17097559997874767,-0.29984373720641333,0.39611350319674316,0.5235533734869311
1.0,1.0,-0.3776394204604836,1.0,0.8319811674442578,0.27180702654619837,-2.040639595487078
1.0,0.7068100154507446,1.0,1.0,-0.07326120536335667,0.214211349255666,-1.0660187375010861
-0.9087297696663212,-1.0,0.4773584509223408,-0.9948535872553534,0.27983576957205414,-0.413968477358424,2.764199643827439
-1.0,-1.0,0.12184967118910606,-0.5149851883369281,-0.150571782055137,0.41705401669872566,-1.8730601085668699
0.3681780220063834,-0.29286841079649945,-0.19263548582290158,-0.781020762075626,-0.5979179334849498,-1.0,4.341919235144247
1.0,1.0,-0.7869313806842945,-0.13602953392455713,0.17892539451659395,-1.0,1.3916602200077093
-0.7667706602394985,-0.565695288863399,-0.7074812840967062,0.23379789540799661,-1.0,0.02700262134508402,-2.574052336548415
-1.0,-0.01504215399006159,0.38322973098168334,0.4929901794007752,1.0,0.047329449406546376,2.5242855891309377
-0.10986797674360504,-1.0,0.5215349268170197,-0.5465912837265698,0.23329103214675884,1.0,0.6247075293459625
1.0,1.0,-0.684922926629044,1.0,1.0,-0.5255521138745719,-2.0889244355513634
0.062308644216579,-0.32038605107896995,1.0,0.13195982850147153,-0.4558429148985986,-0.8651186462143629,1.766683495054685
-0.18727298011732169,-1.0,-0.7305909337484684,-0.09235885405386096,0.27389578961143934,1.0,2.1124019338134117
0.8603852481034157,0.841252520187632,0.5527140562585325,0.6300808100591527,0.3255898817748957,-1.0,1.7894212058071735
0.6098246449341641,-0.6898077255281405,0.5974709560182065,1.0,-0.22617185095676817,-0.38954109806496384,2.2366456244021955
-0.4815067364046173,-0.33660304542024333,-0.6939111931575335,-1.0,-0.9113983428541232,-1.0,3.4208404474900385
1.0,0.6625054324842075,-0.48120960109210054,1.0,-0.19731027987681837,0.14118706497209305,1.518129929603358
-0.8707890631633262,-0.9759085849503706,-1.0,-1.0,-1.0,-1.0,4.981019080952988
1.0,1.0,0.3811809599327376,-0.38374650370502184,-0.9198561217607091,0.016552276476345495,1.9967801419474347
0.129475136985847,0.22366067986058835,-0.8357308097473082,-1.0,-0.5212363174498112,-0.15199384659386048,-1.0132862433804593
-0.2103820945884048,-0.22860908454707246,-0.05246772651759897,0.949365675113831,1.0,0.9219967205950064,5.013087485812317
-1.0,-0.8248708923850423,-1.0,-1.0,-0.06469230190668684,-0.42011817585059474,-3.186771597921465
0.25766993323784515,1.0,1.0,0.6822939183303647,0.7758390323930892,1.0,-5.053319662728309
0.9750375904621462,1.0,1.0,1.0,1.0,0.3033546496616309,-8.160430135424344
0.37214909887821757,1.0,-0.051083834105702663,0.7494848894978223,-0.43193435176526396,-1.0,4.2431976718725375
-0.10148200141159736,-0.38263134156645373,-1.0,-0.5070839171299136,-0.5771306469931057,-1.0,3.0173955232017193
-0.5152539822497365,-0.111708214827409,-1.0,0.33130770603204673,1.0,0.8915013109670908,6.510301562688784
0.1962670456936858,-0.8426647424987668,-1.0,0.43646243003258944,-1.0,-0.33435478527401563,-0.6325158765083823
-1.0,-0.9004990707418301,-1.0,-0.27279950228721184,0.4468827385686861,0.1216246844149555,-3.595923341320878
1.0,1.0,0.4934986637569503,0.49873501330121695,-0.9366974223214566,-0.8049513521785087,5.588401625834863
-0.9020199835542411,0.2695650472504444,-1.0,-0.5277337485578882,0.4858429011041014,-0.0982037601146547,0.36580394959870416
-0.14882442575957716,0.1943345209537719,0.255613746812285,-0.04860635025693427,0.6680804203562013,0.656623406739863,0.7331008823471783
-1.0,-0.036652415387447346,-0.5849367410984937,0.25044204055597763,1.0,1.0,8.244132004420543
0.19886051377227498,1.0,1.0,0.7333948321646544,-0.5672365464862933,-1.0,0.3266699173610196
-1.0,-0.05315698640303357,-1.0,-1.0,-0.9816300494065845,-0.27642226394204794,-2.011069625066765
-0.16585085118178272,-1.0,-0.16742195386892345,-0.9286483495269919,-0.09967074482540816,-1.0,5.0651009664498305
-0.5252511310631942,0.4983911679965555,0.6334524291078476,0.5653218106691759,0.10781407127246861,1.0,0.2309319816859867
-1.0,-0.7549702719146183,-0.39995660184604565,-0.11416790199611487,0.38847496910745494,-1.0,5.762669270397821
0.03780432618906504,0.05686843031286193,-1.0,-0.5865019620589675,-0.5104414555600725,1.0,5.9570302754038735
1.0,1.0,0.6263912046385558,0.45281785697088694,-0.36544271745027657,-0.10986764487743472,1.5559543404155984
-1.0,-0.03899248345386175,-1.0,-0.8829982783147756,-0.0668802084129107,-0.6737352769731026,0.38248686063211246
-0.44526382808425613,0.05993670231958298,0.4528448324795623,-0.526585661567714,1.0,0.9455117931894395,3.187685649048561
-0.242551276194634,-0.24788014684326187,-1.0,-0.6172603643430441,0.2655142883672575,-0.49767774722426233,-0.019517527009351034
-0.17411502297287418,-1.0,-1.0,-0.5984811156494005,-0.40632222996439205,0.43031046180650334,-2.4735404036951776
0.23984127066506838,-1.0,0.36502036987910413,0.03862442413280753,1.0,0.38961036518928027,-0.301603070754192
-1.0,-0.9034837018234818,-1.0,-1.0,-0.9895340676201363,1.0,2.793496983236224
-0.3378065669011465,-0.4047315693990221,-0.8509881353761435,-0.7040085139706387,1.0,0.5180728226338773,0.9657393333073896
-1.0,-0.9267511630320242,-1.0,0.2722243900657576,0.8121040077018357,-1.0,4.356148860551908
0.06838289971543898,0.027722288850128257,1.0,1.0,-1.0,0.43322922433720934,-1.5395974816582192
-0.5735763234174847,-0.10855700141586977,0.4447055587833613,0.5406029178215568,-0.4580803843593937,-0.3797791132821702,-0.7185790800560037
-0.8993962985832091,-1.0,-0.7688790275780445,-0.4407511344781956,0.4931230457381105,0.9519365312192304,0.8655211195790464
1.0,-0.20376054307080316,0.7658559798341308,0.8852934120345004,1.0,0.6198844057449778,-4.677607277261764
1.0,1.0,1.0,1.0,-0.5247993307855997,1.0,-1.7602444563588233
0.35450124130588656,-0.1490087840759177,0.3566535961399895,0.22013311967963123,0.7669359105741673,1.0,2.2332427967493986
-1.0,-1.0,0.9319775918409594,-1.0,-0.02641315272632394,-0.5720048636663844,3.2938652469721923
0.8240248139120115,0.030670505745382548,0.3455560207392726,0.6829312987686468,-0.5895087833223799,-0.5043383054390149,2.634102445749815
0.16803964233965518,-0.6075450004057754,0.4768332312198962,1.0,0.10176396178738895,-0.49304135628507073,0.49729707443670323
1.0,0.12872230676115123,0.1314427648886919,0.6197230360046169,0.42386076432005354,-0.10757654071286782,-1.6389588884377022
1.0,0.598051564622021,-0.03955070005455974,-0.7432258593166263,-0.24174008354476761,-0.28548151633535934,1.1988746885934463
-0.4382212581594495,-0.08648323671137309,0.0076012762719330496,0.5580957419506103,1.0,0.5021844412141385,1.9793085515509794
0.9588121649811698,0.9428496342704633,0.4458132680249628,0.6911860099629316,-1.0,0.3849625873493273,2.1724089273250766
1.0,0.8035496599252823,0.347740431122989,1.0,-0.9823277654809989,-0.2151803660170984,4.088021958188127
1.0,1.0,-0.41451483032610925,-0.06829152016370454,0.026597414896312732,-1.0,2.6949300664394658
1.0,0.2188241558784083,1.0,0.6128268407025801,0.7855896558826565,-0.8812564412301946,-1.9637094265336592
-0.5134340126947821,-0.13131216874131385,1.0,-0.46690626233976606,-1.0,-0.0931531924330955,-1.8922956792386265
-0.2670674228073282,1.0,0.8619863304219019,0.0018319259515103825,0.0053218681067693785,-0.7232197653349586,-0.5844890715352896
0.4670912948508842,0.22568384331902602,-0.2574856191459564,1.0,-0.10534592146809563,0.1556125017148302,-0.6011612091206626
1.0,0.6824163027871444,1.0,0.5327599495192474,0.14330912277748636,-0.49630075600061013,-0.3079846466687345
0.18808407082933365,1.0,0.9670108264684552,1.0,-0.45688322628646505,-0.2940568079872359,-1.3457819023282709
0.6619810092425252,1.0,0.16333103571795704,1.0,-0.5627860242273337,0.16600152684965397,3.1731808176497394
-0.16066183730689143,0.21091230578307196,1.0,0.5764825325481793,0.7721678200306771,0.1679992600202036,0.17392244285908132
-1.0,-1.0,-1.0,0.42489536403199013,0.11996331450433362,-1.0,2.431217102446095
1.0,0.83772878732575,0.9374010965553854,0.49785534543459575,-1.0,-1.0,7.854572196823188
1.0,0.4706065663465576,-0.5320758645037525,1.0,0.5451834368601831,-0.17377372049151868,-1.5539015403724825
1.0,1.0,0.5661399030005272,1.0,-0.4958014421776906,-1.0,7.748706256695972
0.268843683262875,0.9289972441259974,-0.8810494253679375,0.42913200594624273,-0.5973803986227261,1.0,8.210490496078839
-0.16106060366270625,-0.8860244684941345,-1.0,-1.0,-1.0,-1.0,6.044068083576026
0.03727947712615032,-0.6195658267943458,1.0,-1.0,-0.3308885635309722,-1.0,3.3919210520799883
-0.2880672263259946,-1.0,-0.1169389048699741,0.529991866337292,0.2165581931439039,0.4226260702254605,0.17920448357013938
-0.46114014565868455,-1.0,-0.7692391553309932,-1.0,0.9445470565794486,1.0,-0.11693233981523074
1.0,0.10364458074884297,-0.10697855528725847,-0.019158585617773116,0.18843448668699114,1.0,1.8773688970527398
0.5133272824375853,-0.2255849630845655,-0.17917090363223898,0.5165117813573149,1.0,1.0,2.6160985638042
-0.37644850210298564,0.5800619138577379,0.5818487173460664,0.6930796262500709,-0.429630653117839,0.8884167339247451,-0.9176347734663992
-0.3376346728138442,-0.16238419733893403,-1.0,1.0,0.007517575310637237,-0.5824145384637242,-0.4116248418125376
1.0,1.0,1.0,0.9052449157027387,1.0,-0.4058758160538394,-5.373337674848787
1.0,0.09489786005243239,0.5037550981315859,1.0,0.031005858386284335,-1.0,5.321641469918088
-1.0,-0.14634063662029795,-0.10253967212946227,0.18166315728548343,-0.9426581685834134,-0.6523930024985948,-1.2464445374920403
-0.8166796725520458,-0.22495248424903336,0.045643455863446425,-1.0,-1.0,0.06830543363299653,0.948887161907719
0.06073687061431095,1.0,0.13044919417833592,-0.6806001573704853,0.3322911603652567,-1.0,-0.7464803971862326
0.2995458301616897,-0.3381333105820009,-1.0,-1.0,-1.0,-1.0,4.182760835407868
-0.40609985362912265,0.15677867916680455,1.0,-0.09205296703236959,-1.0,-0.05443029924475648,-2.265828173560096
-1.0,-0.06457969599742741,-1.0,-1.0,1.0,-0.07803132201424963,-1.8268752548248555
0.3807176782797512,0.34734080710131165,-0.37695059078565524,1.0,-0.3922460104250022,0.8170463879916674,2.6746548294454677
1.0,0.8433866109821833,0.40222798164421336,-0.023399317275849874,-0.8618198673100737,-1.0,5.759737399980893
-0.19352834841936212,1.0,0.7632207631241162,0.34454000571756005,-1.0,-0.10919547149134878,-2.4456821988492017
-1.0,-1.0,-0.8418073509303213,0.03549262887024773,-1.0,-0.7098638422775878,-3.408550549169564
1.0,1.0,0.3558753462111912,1.0,-0.07107389679702154,0.945617019589922,1.4492209309056692
0.4478845640184277,0.06435820064778652,1.0,0.5973193469530458,0.5394245119333578,1.0,-1.9343378681507155
1.0,0.16691739399604955,1.0,1.0,0.9883773225988497,1.0,-6.429444315854337
0.22393431599261637,-0.9825555605798744,-1.0,0.20835745916736909,1.0,0.8490741675074829,1.1509441779151928
-0.37582576855558036,-0.579462184851599,-1.0,-1.0,1.0,-0.19070736831113186,-0.34221683133306846
-1.0,-1.0,-0.6095508694111104,-0.964870733714437,-0.5737158511968871,-1.0,4.168042236782045
-1.0,-1.0,-0.2901236956476149,-0.5231642820645176,-1.0,-1.0,3.182109943391766
-0.2618614385385353,0.263424926164916,-0.7095499740148123,-0.011172809003518984,0.2846089717105664,-0.9954344726518378,3.488759264265973
-0.33179549176646983,-0.4638596778467501,-0.8282078257927122,-0.5451664856995277,-0.2549202996361073,-0.2596901634300216,-0.2677730911973148
-0.6885654539283005,-1.0,-0.2855942572017325,-0.9696219540227272,0.02909121270071624,0.5431666012774239,-3.011431138508488
-0.085720607015634,-0.7182560324846793,-1.0,-1.0,-0.18544464958412016,1.0,3.821005421232835
-1.0,-1.0,-0.021109241196842765,-0.9374437708958318,1.0,-0.17863656853360876,3.1933827840929725
-0.3647665561508717,-0.6696184485082806,-0.7845928863492801,-1.0,-0.8759447379310695,-0.02588708514720603,-0.030410682455254745
-0.3353426775754036,0.15390905518946824,1.0,-1.0,-1.0,-0.9813866528455062,-1.0299278581503382
0.21992780489766894,0.6540375265870116,0.03334035888622067,-0.7058964277315969,-1.0,-1.0,2.0027008226508127
-0.784631513349265,-1.0,0.20623959805162093,-0.5064536626651912,-0.5056054220211885,0.06107656446505144,-0.6467085877627634
0.9670112166255413,0.5681122568097865,1.0,1.0,0.03454188798035582,-0.9750040233156196,2.9668775614116587
-1.0,-0.7385681441945109,-0.7054458102925809,-0.21614970381733511,-0.021459493217329095,-0.150205346805804,-1.5751217921632947
0.729889149297458,0.5012334023646763,-0.43128197008981345,-1.0,-1.0,-0.9087926697066231,4.195457266459063
-1.0,-0.3854337288510987,-1.0,-0.6110371354455846,0.7765875396389151,-0.9585750470041452,4.777446131190714
-0.8526877743075489,-0.31131173274570756,1.0,1.0,-0.5636918816058697,0.7426032865100741,-4.023790229129359
0.7107465445958794,0.35114636540903654,0.809174913238838,1.0,-0.7263897634228064,0.945541811005136,2.1529726884865976
0.09050731786488941,0.8123423883997556,1.0,1.0,-1.0,0.08081271320705219,-1.6299156799618368
-0.26224268183912103,-1.0,0.6104591716110925,0.4249480251809686,-0.9826475850843315,-1.0,4.0782522103756005
-0.8446555777642399,-1.0,-1.0,-0.988338779979504,0.8742030158752718,1.0,-0.23768745309869543
-0.11996827359621509,-0.6888990812838114,-1.0,-1.0,-0.8111243126948279,0.06443961063790199,-0.04464056299586671
0.9150808955528127,1.0,0.5483254663753978,0.13581585993928857,-0.2612875405846188,0.00908430155197891,-1.682507403348498
-1.0,-0.639874118676616,-1.0,-0.5836959836864195,-1.0,-0.6781259512122126,0.1029423946584821
1.0,1.0,0.1516869178504039,0.8009147726047032,-1.0,0.5051149055470912,4.063925442268342
1.0,0.5283407467832346,-0.8105246586524346,0.16131801557322126,0.11726595122430827,0.4587389475330207,0.1571558011485783
1.0,0.5239535827510935,1.0,0.3078720993538204,0.30899361780326284,0.8923678734001902,-3.2718353245003504
0.5010249428876187,0.5073744277361177,0.2821434127047542,0.057675639977969755,0.859650394792483,-0.5598204176435195,-0.6117460627063586
0.06259379099351392,0.059513686459502946,-0.5748557346447566,0.9372944095844373,0.550159938704954,1.0,4.87258743348169
-1.0,0.2731134367348835,-1.0,-1.0,-0.8984786516727276,-0.389468614392142,-2.2837823525021337
1.0,1.0,1.0,0.7568846698189251,0.5959447276611656,1.0,-7.126983738686019
0.005517265640632596,0.3451243959666537,0.05707023805417133,0.9097191387319228,-0.28144680061197447,0.20176864592056487,-0.29873642485277585
-0.7255010462594311,-0.5555955551501323,0.9067415549804887,0.7139213442010287,-0.6139881911945273,-0.1334691009568812,-0.7810549804249578
-0.40275752370365947,-0.0817189757027676,-1.0,-1.0,1.0,-0.19889576975094492,0.001341275021668406
-0.6649045625762665,1.0,0.5502517397331427,0.16916542503554366,-0.781888143373138,-0.03714513673670586,-2.6738139694625
-1.0,-0.03969406398571884,-1.0,-0.6615735710463442,0.3538830637028466,0.6576874602660026,1.9515422949261843
0.42696616160058554,0.0014056695858467583,-1.0,-0.3272977598529425,-0.38295512199429604,0.4702214186570226,1.6771701807583481
-1.0,-0.28805669631352493,-0.9866628615076459,-1.0,-0.1001636828819823,0.32146292609243066,-1.4268101515027247
0.05933190956621692,-0.5035073946015306,-1.0,-0.6547804292471586,-0.5717048265979121,1.0,6.711020649135832
0.45248528434558055,0.23585079035304923,0.4991195470672534,0.24704427120267702,-0.7688284794029128,-1.0,3.6803983409220162
-0.9381697599281059,0.5837677606329608,-0.7952720712260801,0.3832299787186416,0.7063196148617461,-0.5336520510731816,1.8664490703977303
0.3123678717713393,0.32217655732735584,-0.7425491953503415,0.18795065795346516,-0.7333378893712361,-1.0,2.1429916196637224
-1.0,-0.04522517385980457,-0.6173198406683815,-1.0,-0.3892480498109351,-0.771243778937571,-0.009500415091752368
0.7765360803326558,-0.32382873792722555,0.7904027223680984,-0.38939824209003693,0.7013390187357602,1.0,-2.6677298706988726
0.9172951443442315,-0.18681966769841107,-1.0,-0.20715932110133894,-0.0885922071080591,1.0,3.5264549762335227
-0.873545944719947,1.0,-0.7492690568955486,0.16263569750993534,0.30396894281049286,0.0393776948424716,1.3564276823246195
0.17125802817842423,1.0,0.40048611019971664,1.0,-1.0,-0.01185474941053366,2.2008666497253615
-1.0,0.22464963777811703,1.0,0.5163878856247546,-0.016032080229945955,-1.0,2.473869681265474
0.037912062701036975,0.2767201733206158,-0.6514468529988092,-1.0,0.8692772547062155,0.692978679139653,3.374219962290984
-0.5140440006205433,-1.0,-1.0,-0.6903695527537785,1.0,1.0,1.3606214494775566
-1.0,0.8995413199995619,-1.0,-0.6460379943251706,1.0,1.0,14.630757208898412
-0.9543863446331509,-0.9922536803382452,-1.0,-0.6482968675019702,-0.23899368942835067,-0.2708996101106098,-5.148678294305829
0.3829577075326278,-0.8942852458194575,1.0,1.0,-0.17166368534205945,-0.5978205938501493,2.6668249683113214
1.0,0.8324097232788963,1.0,0.7526077005971781,0.7503654501624611,-0.2927182238506397,-4.261255940966834
0.00231738240317525,0.3101813790251744,0.5584239238296378,0.6812933542511606,-1.0,-1.0,1.8464853505091194
1.0,1.0,0.6438795545478877,1.0,-1.0,-0.6784692856207666,7.574801635654488
0.6014188216522065,0.13844857974992714,0.0018276276665674107,-0.22866470235103137,0.8265772388876755,1.0,2.578904912887996
-0.46213804640035194,-0.7382880831755463,0.7523229579830985,-0.47802710394725834,0.1570690472529039,-0.7315427122295316,3.623559253788506
0.6022313543533426,1.0,0.3999978416236065,1.0,-1.0,-1.0,7.992000230752627
0.9715692121153999,0.6471997011908982,0.37591877089453934,1.0,-1.0,0.1436521600729347,3.1242189509080096
0.30355274728388637,-0.416747398290642,0.48141577463320934,0.260250062137014,-1.0,-1.0,4.70413222547828
-1.0,-0.10363432512524581,-0.9342584210852747,0.19319709783249384,-1.0,0.534609888614632,-1.4077111189421219
0.39040270160820073,1.0,0.7099517705586005,-0.4491891231362862,0.7012841617349564,-0.16745837499674543,-1.4035068213006447
0.7196467594255924,-0.6009650308120109,-0.5447831881940253,1.0,-0.3820641318606002,-1.0,3.1733594793881155
1.0,1.0,1.0,1.0,-0.23297127829110253,-0.4169502698425411,1.3186445578214905
-0.7541390825651229,-0.5928344823895366,-0.7312142080923882,-0.4487946688546477,1.0,0.5147514715320014,1.618447817158915
0.3788637036386699,0.37554405976376415,0.2086397882848815,-0.15287741115897907,0.45958979228866137,0.8983757696143404,2.065669186186128
-1.0,-0.22531859248681507,-0.7711178033147232,-1.0,0.3723696716620122,-0.6077115883987723,1.1204173900371523
1.0,0.8349778003788952,-0.49086232352596515,-0.05139922327180957,-0.09098219231311966,-1.0,2.860657811201902
-0.45818100638320974,-0.4351770067661118,1.0,-0.6535464624124836,-0.48395514468210193,-1.0,2.9050852049816482
1.0,0.18651775396517611,1.0,1.0,0.12434713540157613,0.7065090047013003,-3.0207680387161697
-0.14831405448470503,0.1931905158702305,0.14410210162415046,0.29445229410560747,-1.0,-1.0,1.16438340483953
1.0,-0.5819021217809338,0.2988371328541768,-0.3746711058474997,-1.0,-1.0,10.307183874936218
0.018244030405624834,0.7007602904752742,-0.5545403064427084,1.0,-1.0,-0.4313532742215551,1.9045315294356857
-0.6440611779868104,-0.12529155037959772,-0.30579656043517134,-0.7713214099229004,0.7036221014748945,0.940148439635163,3.852727406879426
1.0,0.21724242336045596,1.0,-0.22817513079457308,-1.0,-1.0,6.919444570877004
0.8889440894554884,0.24012154451191076,-0.06219451928628539,0.3010922029586165,0.6282348584934168,0.35148219170727785,-0.8836367413787662
1.0,1.0,-0.18465732767884535,-0.4074028778829592,-0.3009310996235292,-1.0,4.107265525202868
1.0,0.894610723419606,0.6734070143866502,1.0,0.23081857818764628,0.41276628794294223,-3.3854512971880677
0.01961806052808912,1.0,1.0,1.0,-0.26390958676491816,-0.49913009213849296,-2.528223916020003
-0.971155113028528,-0.6711765560432832,-0.23682982058120372,0.6232639853160189,1.0,0.04869608646771684,2.190126263891978
-1.0,0.21908802237042543,1.0,0.8089749415463425,0.8564805844977968,1.0,-1.6646520416620634
0.008524735076526846,-0.18969473884281213,-1.0,-0.5900726251888819,-1.0,0.07654447869601944,-1.803748017363228
-0.4729064280990818,-0.7333914514131362,-1.0,-0.17606333266739155,-0.8027141756514314,-0.8032082439805734,1.3012314154424216
0.27833826530124556,0.7428016543787637,0.239941363519744,0.8364355313186336,0.14027948619576247,-0.6670139414586984,1.5937954809001806
0.7075138005684072,0.06780123331515164,0.9024511994894642,0.6680423074808366,1.0,0.1389601562411309,-3.3368384812909
1.0,-0.5380030349513453,1.0,0.08909596904177819,-0.17911203600445597,-0.061552102706385343,2.458169096275172
0.6147407957451128,1.0,0.5880275615466306,0.16733000614351434,-0.23700641940449851,-0.8643745175944426,1.9372017276559421
0.24818088629879326,0.053565181255540995,-0.8941429614931782,-0.08105116660897296,-0.9788537012111374,-0.8480768132669633,0.7354045242242002
0.3075053835663156,0.7952594907516417,0.14971471280202145,0.018030856124818306,1.0,0.7174840986096571,1.9738925938211358
-1.0,-1.0,-0.8293701146235847,-1.0,-0.5032352163045399,-0.15536308880311434,-3.580812905086896
1.0,0.9831347895126497,0.02941193373153883,0.6053992314387115,0.8076461900842673,-0.8609240726429793,0.3669978107424069
-1.0,0.061398984993458,-0.7268175349906838,-0.8688219060312488,-0.3580221331373592,0.8031601675282332,1.2299031981489927
-0.5817283197910076,0.9254233942841684,0.4633359982751657,-1.0,1.0,1.0,5.915121829848543
-1.0,-1.0,0.6314574587502884,-1.0,0.6071377492266287,0.6620053379028319,-2.462887441778843
-1.0,-1.0,-1.0,0.27958005960025434,1.0,0.5371569068972822,-2.527075738132622
-1.0,-1.0,-0.8234725887895595,-0.27346217593692135,0.17903752725949648,-0.05579694430741641,-3.8831134477376494
-0.7280590649659662,-1.0,-0.8266482220228758,-0.001563627552385094,-0.8438083024081393,0.4733756215443841,-3.924170350850347
-0.4613917074925238,-0.2390344646192284,-0.576173386484141,-0.1299434918592388,-1.0,-0.5527005526913201,-1.3723314575921046
-1.0,-0.42551049520942663,-0.3401601559730747,-0.4444764601739861,0.17178520141716325,-1.0,4.8901605129483725
-1.0,-1.0,-0.4367575266225052,-0.9428963912401918,1.0,1.0,1.1804620752899635
-1.0,-0.6071140099621779,0.3590417027998255,-1.0,1.0,-0.11118823362277996,3.7124891276109184
-1.0,0.2907631657146819,-0.20259889566338662,-0.5004621676814492,-0.44352320741124707,-1.0,1.025191958275543
1.0,1.0,0.6476171589451309,0.2747430832129638,0.5485785675734487,0.24456334793046008,-3.585018734050978
1.0,-0.4865594282680652,0.39629829636463987,1.0,1.0,0.20242017980674043,-2.718252401266012
0.6901452201092635,-0.4331205617315842,1.0,1.0,-1.0,-1.0,4.55630659982725
-0.19199977232694906,0.2806948657154653,-0.5201297426239551,-0.5735703066291447,-0.2986829713666461,0.23525523533146364,0.9287474744324757
-0.6927069308458501,-1.0,-1.0,-0.4709557591792535,0.3255737605365361,1.0,2.576467499947948
1.0,-0.2124795780518005,-0.12356273791429961,1.0,1.0,0.27346960604348736,-1.9990168398745196
-0.10839645231678934,-0.0898451616845955,0.6982588981749362,0.9749609222215323,0.7548182840441185,0.1298825328736316,0.21852830087969083
1.0,1.0,0.6988803187259263,0.951537502341256,0.5160139946910932,-0.9050834814093774,-0.4792815388772491
-0.27684483326596354,1.0,0.05100312645419758,-0.24986095142764475,1.0,1.0,7.280651149812767
0.12591129414153232,0.01777527798167383,0.0064712888272516105,0.12566208468107498,1.0,0.2212456643181427,-0.7535333896740757
0.5851715138018833,0.7113493343279598,-0.2512340157594122,0.6811581761322343,-0.6083710154880859,-0.08202327782178942,0.7007167431362948
0.6169381133626641,1.0,0.03581497551242685,0.7741564244542478,-0.6907234321762752,-1.0,6.301374510985714
0.3413351670754634,0.19495705624542203,-0.2204766870436561,0.745492953475458,-0.11885399719755485,0.019027470555732562,0.7210077693812111
-0.04315273770329342,-0.09432285372931326,-0.8776408876614521,0.8537052294263796,0.9365302523546618,0.22217130304935317,0.13948411574269187
-0.46046387041500164,-0.41625546584139617,-0.26660126879940743,0.9511640675444185,1.0,-0.41650569019445094,0.6913512762317873
-0.8035087617449153,-0.012170011499839095,-0.8048209467433316,0.8515814009917867,1.0,-0.4988417903665885,1.6437416157749818
0.5404341452633086,1.0,0.8305023757888741,1.0,0.6154588391851604,0.3555005510625536,-5.831212924293926
1.0,1.0,0.7264547877163177,0.5455136036053126,-0.8501127965522928,-0.42067087415257187,2.2290702470514985
1.0,1.0,0.10700754462909692,-0.5787530232354104,-0.23227578599032705,1.0,5.942695422662306
0.5293246780500175,0.08254394724512926,-0.3228876940737405,-0.8209967292702798,-0.07700647733551452,0.8435254242791486,2.6023063296991635
-0.6005848111949004,0.5056422304777157,0.7382079537856765,-0.2451446667652597,0.28981581385774335,0.029204910717357202,-0.3437719718772601
-0.262136212362453,-0.45995536899731615,-1.0,0.21516981011321645,-0.722222959342816,-0.0461852578314218,-0.9586233364921255
0.5321691685769319,1.0,1.0,1.0,-0.5458787121883758,0.08533398071429965,-1.1565784187935073
0.19047858453661504,-0.6949081734955156,0.4183684021933519,0.8353850787396551,1.0,-0.468338455957179,-0.9488815604399033
0.8484349506742406,0.9957869362710376,0.6678564639724678,0.15950385591610955,0.20652092140938993,-0.8143439841230815,1.4459302597510049
0.5618511133887348,0.9176553863120933,-0.9637262683304273,-0.11506471355108039,0.5245419808215908,1.0,7.310871667278057
0.8440352409327108,0.98729530158817,0.27911630918763164,1.0,-0.853728144293113,0.24510507977076434,2.3971091932892588
-0.6114503519272577,0.49280088918740667,0.3360227700436549,-0.20706912774124234,-0.030616914225997993,-0.10144556301901275,0.05521703975542597
0.2085467464302697,0.5486705360981337,0.21702073698300722,1.0,-0.017942025787926585,1.0,1.7234671746516523
1.0,1.0,1.0,-0.05461613209033456,1.0,1.0,-4.379597830721131
-0.21790841254287852,-0.6629536656503088,-1.0,1.0,0.6606821817767976,-0.47908978013547654,-1.7368561197026704
-1.0,-0.5981357653078594,0.29001345024148484,-0.33682373850371206,-1.0,-0.4547467644452631,-0.5057861614393352
1.0,1.0,1.0,1.0,1.0,1.0,-11.197633470259351
-0.02515459356532146,-0.95155742223538,-1.0,-1.0,-0.5674523708528041,0.07592505408397021,-0.7921524996998683
1.0,1.0,0.9813517512977896,-0.6512272796928654,-0.3703733300144909,-0.7831277697534116,0.6381969075345502
0.6107579924491686,0.25900016696087524,-0.3612474112953865,1.0,-1.0,-0.45365985986621693,3.2198470840719104
1.0,0.4032979981261342,1.0,1.0,1.0,1.0,-6.473213306306841
-0.9664186069090546,-0.7419477992397737,-1.0,-1.0,-1.0,0.446477301553443,-1.5172366164231346
0.5958814924619953,-0.7624251856986588,1.0,0.4499667519243878,-1.0,-1.0,4.95638253273287
-0.49756596779021556,0.86233765122811,0.22930742112962998,-0.221426520869494,-0.9918388455310356,0.8942368900668723,1.3867891360950282
0.3656503624714873,0.9156426516902627,0.3252244347673606,0.9929089160826178,0.28041546906305775,-0.8738147843561433,1.7827409820651925
-1.0,0.1709284472046122,-0.9229199452101157,0.6631610466782344,0.3456303981905351,1.0,7.904172725908778
-0.023157369924625464,1.0,-0.2674364568102904,0.6159439849714693,-0.20097221434685564,-0.7008515466921941,2.1887401086364986
-0.2825963411647585,-0.15983023228516657,1.0,0.2023615990670961,1.0,0.6472727579960355,-0.6531808954321163
1.0,0.45945720708649374,-1.0,-0.4755816511353385,-0.10521842568354955,-0.1074386123142061,0.28352018773052723
-1.0,-0.8920657719893523,-0.7948410405138746,-1.0,0.04665971748389086,-0.0012915783268915293,-3.567393896176077
-0.9473085236051471,0.03254249461588171,0.7936432797283017,-0.26300605403620775,-0.049106738365476965,-1.0,2.8747919822922574
-0.25505325355796243,-0.1394695060364039,0.07634744247178415,0.347332821609545,0.8896421135787671,1.0,3.599670265412816
-1.0,-1.0,0.31749537087236224,-1.0,-0.05976085834927919,0.25847223067132313,-1.0310974094590928
-1.0,0.8150141297413911,0.29746755901845473,-0.9941442916139217,0.5463762421455831,0.641827471032038,1.176008259378532
-0.6960225298779928,0.09963487496100334,0.42714024990705,0.6671150444135221,-0.1213999968920696,-0.6225903375404792,0.2835354056766032
-0.08672986208233813,0.9082995595180613,-0.006957635953831559,-0.3312924931624459,-0.7102490115817239,-0.24562962981218495,0.23209721486187584
0.4370712310593705,0.2604638419063075,0.27219174291141146,-0.30146942045314423,-0.693142382893421,0.02816560036278054,1.6292275079854623
0.6577384444051698,-0.572595893200518,-0.573513025399681,-1.0,-1.0,0.1611613357904177,4.717825058311272
-0.6948958853340086,-0.41485004307077145,-0.44508512806040157,-0.48072343494775094,0.15968620415131896,0.6431110028317514,0.26457792849555367
0.6143027788361219,0.25596481497221213,-0.1663099138658513,0.6610054743544851,-0.2507916527021341,-1.0,4.224292441344205
-0.45309291252442857,-0.1951114066193722,-0.9478769917990387,-0.5261356863354852,-0.6337641422648513,-0.013959074688533636,-0.511291982547517
1.0,1.0,0.7896796736503547,1.0,-0.1923258145894525,0.1355223543282803,-0.023417297238421675
0.01618226806340395,-1.0,-0.4105905272398015,-1.0,-0.8162528635313279,-0.14698846804224358,3.359313258319659
0.18232411972598014,-0.891015577282227,0.30343222039775264,0.3672035211074118,0.6500768991613022,0.9585959775775736,2.6561382519988754
0.5785972674419995,0.7430092703657145,1.0,0.08382490537228526,-0.14108503259471772,0.023377504419594186,-0.34514812414887297
1.0,1.0,0.742957661716575,1.0,0.02641747490287244,1.0,-1.7529527876573772
-1.0,-0.583342479714362,1.0,-0.19758984998519197,1.0,0.43695675643018483,-1.5615258723978809
-1.0,-1.0,-0.3762218867043734,-0.659246715090755,0.38208094880238785,1.0,-1.2056981034338152
-0.4431003178342829,-0.2307702820508547,-1.0,0.7369142855149823,-0.48273592175051955,-1.0,2.4453242493218053
-1.0,-0.26751142887435697,-1.0,-1.0,-0.17843527891578442,0.48037062578714673,-1.5739380997476764
-0.689261502273038,0.30914319896773856,0.6803104798139181,-0.42148215275549755,-0.3329429390706753,0.2520456642404767,-2.4519969248368083
1.0,1.0,1.0,1.0,-0.2824692498809628,0.8774969998882893,-2.316449245584076
-0.2577211221859402,-0.48086415130781635,-0.46994763985401505,-0.6339802813047066,-0.19190231573951935,-0.8026969871878957,2.3247510554552364
-1.0,-0.8675868775073805,0.4776604832732112,-0.27170259157084503,-0.557061735944693,-0.7796024694628596,3.538607171776463
0.23889626006147635,0.00799677150874932,-1.0,0.578559259929745,1.0,0.04493211942603792,-0.5586334669070183
-1.0,-0.7065431069157104,-0.03320825220624335,-0.8140895463712075,1.0,-0.860560593005067,7.486150274582397
-0.04849255729035162,-0.4460907520103273,-0.18654518743073423,-0.06765450937724854,-1.0,-0.9669090702962484,2.1495637881815064
-1.0,-0.3234819839267642,0.4274351931823492,-1.0,1.0,0.23022549776862145,5.002865365197305
-0.6193797219006911,0.7593700438451624,-0.6039286489650535,-0.7514209917417335,1.0,1.0,10.376418888037476
-0.43619943284803564,-1.0,0.758467691798852,-1.0,-0.10266675561861721,1.0,-2.788693788161063
1.0,1.0,0.09373476925413914,0.682541259499904,1.0,1.0,-0.3185736238668575
0.8110928090983817,0.30786516286766274,-0.5293605097430392,1.0,0.1314378191465541,-0.8851184099969106,1.0348538567929297
-1.0,0.5051777569710241,-1.0,-0.2020389903186961,-0.4765401468266477,-1.0,5.455424319283672
0.03584001373083456,-0.18083189593954052,0.9577349314515089,-0.01667194185025611,-1.0,-1.0,0.9594263399701434
-1.0,-0.33193940098274966,1.0,-0.3025198769637786,-0.9212622223982502,0.30115928817895665,-4.453534320548011
1.0,0.7052658164648284,0.7824424205639553,0.15874502030490922,1.0,1.0,-3.4278562686517633
0.34346692392400036,-1.0,0.5445797159259844,0.3012943316935808,-0.8508404686566403,-0.0527177163386078,2.7927632323875264
0.35806983648207236,0.9958324243674205,1.0,0.7187570994851731,-1.0,-0.97448163026516,1.594747982068479
-0.25630130679230906,0.4857906795282094,-0.4107074266901979,-0.5405077990549576,0.35702900666789134,1.0,4.616077082254949
-0.7328776010838784,-0.6025174467778149,0.345269063751293,-0.8394528870910393,0.10960272077370131,0.9298342605904513,-1.8678078733815116
0.899794086657606,0.7958190209565241,1.0,0.4147590222788,1.0,0.004566452169852742,-3.9970653114077552
-0.7150881373707101,-0.8871383962567305,-1.0,-1.0,0.7898688699728081,-0.8251923177366871,0.26725946299559933
-1.0,-0.8501831278811041,0.8777372305309838,0.2849554380504551,-1.0,-0.3271902925296786,-0.4150089669472439
-1.0,-1.0,-0.3869859478015968,-1.0,-1.0,-1.0,4.840210552719069
0.9881659642126941,0.17765112188704657,0.442420708353659,0.261955981233013,0.3691819794733311,1.0,0.3970055420746232
0.5791358782688736,-0.02233953434734795,0.5160155292627299,-1.0,0.6681097605900617,0.9151189317291996,-0.6958205151545213
0.6533453378465928,-0.17931802970411692,0.21094283730261287,0.6447837084831638,0.5183187128058047,-0.5135977205135649,1.2197569188575825
0.9637306638856747,0.23061107375206263,0.29507566787735906,-0.41625809631885874,0.6271866794865655,0.4684739983155817,-2.153965162045128
0.6429912907344595,0.20001268730566246,-1.0,-0.63936579858868,0.3836770297460074,-0.03710844955243853,-1.544604758128233
-0.4625543513480401,-0.3473209056748864,0.4627590446369181,-0.22004500036045704,-1.0,-1.0,0.6260171592474659
0.19451432292358864,0.37473681009742227,0.38495254389762473,0.7758790539400294,-0.23703554915672465,-0.0024147652741556835,-0.5909387554044371
-0.2184254577541178,-0.071488022072558,-0.45796995943848384,-0.3981667206512449,0.26113141046961286,-0.5240708680399416,0.32095548510770666
-0.19452486760608903,-0.7771893739787425,0.0533905087899916,0.25911674557946995,1.0,0.1739173950967151,0.5570437441574521
0.3457577473474623,1.0,-0.735442354826121,-1.0,-0.1538642417990147,-1.0,0.5158602409827846
-0.060102610675894674,-0.06584239390965091,0.48852851866068847,-0.3844093513984296,-1.0,0.3944428726838184,-1.026697703165567
0.3984390825355651,-0.5082106772747232,0.3225821956877302,1.0,0.6484063865816746,0.8944661057706076,1.2220847964370205
-0.9965694095167195,-1.0,-1.0,-1.0,-0.4914419173784784,0.6949350599003663,-4.479801951266012
0.6141187851564224,-0.034346261970479464,-0.15776829532712106,-1.0,1.0,1.0,2.3308002805408585
0.4003778769787063,1.0,0.3281565950885591,1.0,0.16515817776422292,0.11371675011752391,-1.1225928243569518
-0.7304209868887328,-0.6464090567941105,-0.3503403777058767,-1.0,-0.38640746325015884,-0.8747208007708833,2.5531825038688174
-0.41235903039245936,0.4028477337866318,-1.0,-0.33251062777738016,-0.21197183562225574,-0.4553723176848963,-0.1879553903519428
0.49669781792818835,-1.0,0.19258137925965535,-0.10613033310566378,-0.18189910346120586,-0.5809254910925801,2.7672826394760968
-0.6519979931736635,-0.8466281963241538,0.14995610617996646,-0.17499459768648595,-0.21662587567683134,0.8918057226425273,-1.2330442843042064
-0.5605991726705035,0.3604345421978345,0.7170099561544729,-0.13090598106458168,0.47172408405453536,-0.198391089253256,0.5079156301107051
1.0,0.11547605123531218,1.0,1.0,1.0,1.0,-5.951539291009357
0.007910491973283057,-0.37091121326143167,0.7538931292932534,-0.85699562480355,1.0,1.0,-0.8651818199807761
0.1240226178416981,0.0803692915997618,-1.0,0.14704853343912777,-0.653937827423781,-0.7799484357035427,0.16076321396916837
-1.0,-0.0908902997469494,-1.0,-0.015030847055186536,1.0,0.9595267430562027,7.808661304774654
0.10696828805578107,0.7283763311997169,1.0,0.9450236412404273,0.6672699089952701,0.6922194332721454,-4.442869891580694
-0.8080018732363666,-1.0,-0.7561944078036278,-1.0,-0.2539084581542933,1.0,-1.5667626276241238
0.2735595039899886,0.43325982642509747,-0.8672924966816541,-0.9951609147972413,0.34833861519074594,0.4653608698915548,0.6602579541292527
1.0,0.6582930853319354,0.32156613054349037,1.0,-0.8918938774672855,0.5047911355388075,4.192360304496608
0.3726191771166869,0.28598077472355143,0.494619834230172,0.43606790341876334,-0.4468252469206171,-0.7530296509327554,2.7935934587970235
-1.0,-0.4167355952575367,-1.0,-1.0,0.6483436056622625,-0.2397819405334798,-1.9826388106265114
-0.43953505305081575,-0.20970146198305395,-0.26574885304516394,-0.055750441942772566,-0.7347171541143895,1.0,2.463356130317419
-1.0,1.0,0.3898779526678332,-0.5044262753987554,-1.0,-0.648793902796612,-3.7116221417568314
1.0,1.0,1.0,0.5896985455502635,0.24143094203563095,1.0,-4.941894525643879
-0.8895250107238271,-0.6821841858830247,-0.368099914107507,-1.0,0.8056051188312277,1.0,3.500186974443334
0.8235825785251472,0.46827509815541524,-1.0,-0.537158642528709,-0.5824776352399372,-0.9002032338617381,2.7230224489615322
1.0,0.05066793878248066,1.0,0.2717226351417233,1.0,0.8165049982107133,-5.597597227716433
-1.0,-0.480285573804087,-0.688152843213462,-0.23345402760573758,0.7520535926084226,-0.06904097696140774,0.8112851260713725
-1.0,-0.4438162084658981,-0.371576374139414,-1.0,0.8533998208049813,0.40648372487714113,2.8847889882823736
0.06704072849693593,1.0,0.5973347424815425,1.0,-0.895045031561352,-0.7344891092168366,2.5839342761380895
1.0,0.9705454271443927,0.7896165140326217,0.38251282576127643,-0.6755504782137653,-0.17205221020385625,1.2439596312705172
1.0,0.024530748416202952,1.0,1.0,-0.4084992057894171,-0.207263300669417,1.2408835044631572
-0.07802613229786237,0.5814493075127136,1.0,0.2113938485968443,0.6636620256201229,0.3049783814110394,-0.4422074186689905
1.0,1.0,-0.11557882726098312,1.0,1.0,1.0,0.37720412484343613
0.9320981683620412,-1.0,1.0,1.0,0.47894942413635255,0.20560885885375307,0.653877762848336
-1.0,1.0,0.9408893797982717,0.37027613531443354,1.0,0.6320998098771922,-5.119146954273916
0.3005218717451119,-0.5040262650933246,0.10699759642635454,0.618513121700523,0.46059869840236134,1.0,2.9852571021543395
1.0,0.5868286125516091,0.5108890454640895,0.5729551305643226,-0.5986664550605135,-1.0,7.189499419306433
-1.0,0.18045493108254196,-0.6732928445055599,-1.0,0.3265573737817251,1.0,5.021746810788985
-0.00037389885794492095,-0.8590225525876413,-1.0,-1.0,0.4163738333303463,0.0962262850704636,-3.9989341263952456
0.8722013443021119,0.4959313075936398,0.8100284249042587,-0.04030292433366994,0.48355213566342137,1.0,-1.7844549506864493
-0.9512463989438038,-0.9458151384332223,-0.45442905391296645,-0.7851618581944655,0.3151768666958462,0.4165797167005807,-2.0475988422509586
0.3124252352108148,0.9797266292858724,0.9391072731211694,0.8487808506079952,-0.10483580360718542,-0.4738408101370332,-2.067835291081756
0.9876514986512821,1.0,1.0,1.0,0.04124545180808059,-0.38455627895004635,-0.810333481303485
0.5650233772847648,1.0,0.059127367485490856,0.255493099610302,0.7111635110915333,0.4028891484702046,-0.6336399549743505
0.32156955636004997,-1.0,1.0,1.0,0.05642434301119542,-0.16588935511296538,1.952767811668564
-0.43884828794869524,-0.8254483053169446,-0.20007732274771883,-1.0,0.2058105658087569,-1.0,5.704159834010998
-0.9430100282310632,-0.9126403336179219,-0.09095948976802304,0.17863408110918355,-1.0,-0.01798676782399844,-1.196831909450573
1.0,0.47724601365025254,0.8413839769227645,1.0,-1.0,0.43562266004840045,4.1644748395966005
-1.0,0.04926721514434973,-0.9601016996796055,-1.0,-0.6822340199097451,-1.0,1.8875263351519633
-1.0,-0.8336954597607935,-1.0,-1.0,0.6497707469796683,0.6569968309738978,-3.3900630029144745
-1.0,-0.3176110153886871,-0.5789136892693834,-1.0,-1.0,-1.0,2.1738993155831907
-0.48933146287927076,-0.26073169910370186,1.0,0.23086673870538288,0.3407142885751099,-1.0,2.870274177501122
-1.0,-1.0,-1.0,-0.7755681500347571,-0.4235267754484517,0.6089655222634791,-3.963780175990255
1.0,0.9319537464381047,1.0,0.6632483091349592,0.43899314462170813,-0.21517151974258658,-3.192164626923109
-0.10194669714812332,-1.0,0.18883669887834575,-1.0,-1.0,-0.1967588460584866,7.107421266655197
-0.7252467400219115,-0.9055394073898573,0.2678009354907317,-0.7364839951541453,-0.6002708076723631,1.0,-0.7465826286070816
-0.7869623981588038,-0.1900349026629798,1.0,-1.0,0.45329809431973767,0.15327572029636838,-0.33786512593793017
0.577815519460463,0.11461923470118734,-0.7510289997919195,0.028075365639002037,-1.0,-0.9803707003784474,2.748968879174855
-1.0,-1.0,0.3652034598127798,-0.618184907731294,0.16369077989909075,0.42893946526772286,-0.86228647379594
0.32973730462216966,0.11793836030054339,0.15117065862651557,-0.851490889204835,0.3212616926893309,-0.47412131791114426,0.337738157866378
-0.4326380813517403,-0.5950606809360214,-0.3815544488630009,1.0,1.0,1.0,7.027877330455464
-0.1275798611505905,-0.10698644883026964,0.029661678243872502,-0.10028064322384611,1.0,0.059998187792924165,0.5033474172767346
0.26940254432550637,0.3412802559095338,0.670378439640251,1.0,-1.0,-0.5357685136094941,2.4893758531988897
1.0,0.048819403932915506,-0.5978219570001564,0.6308480241646693,-0.4763614315736606,-0.8120470550264238,3.4405688771898424
-0.18285741590690285,-1.0,-1.0,-0.47086013849809816,0.17137192995228656,0.036340040861956635,-2.556011266811865
-1.0,1.0,0.2433952081284075,1.0,-1.0,0.6167325067862561,-4.548918624150482
-1.0,-1.0,-1.0,-0.366899352860812,0.06973315998393645,-0.2857655549055604,-4.046564568944014
-0.7865194508853603,-0.1689817932759996,-0.4589503514892256,0.9151561536197993,-1.0,-0.3405080676189791,-1.1542030716860323
-0.006372753384492627,-0.5619491092504734,-0.15235536626162532,-0.6065824953758625,-1.0,-1.0,4.544166232744969
0.15223801856507652,0.035490778977748216,0.6466534288413612,0.6485009634031124,0.3695955509056874,1.0,0.8192944895318715
-1.0,-0.050862226496162455,-1.0,-1.0,-0.47606909970374156,-0.5881490702340881,-0.6803887896946819
0.5583002044511373,0.2270282921912108,0.05617061951720853,-0.6443208658944692,-1.0,-1.0,4.200972027713155
1.0,1.0,0.11639588259920375,1.0,-1.0,0.5146511781991818,6.044472941147421
1.0,-0.1472392642316464,0.14442239344140317,1.0,-0.6622724331482066,-0.8657767426723405,7.059095728953988
-0.6140750137315141,0.156927058678696,0.1087103401717256,-0.5762904324408842,1.0,0.8912187437916737,3.956451299277054
-0.6450873860356621,0.11992115998705825,-1.0,1.0,0.12210159601850706,-0.022932253747298348,-0.8157916832562514
-1.0,-0.06476943475627084,-0.41296017674279994,-1.0,1.0,0.33291217199512535,4.336800120397343
-0.10556433727490244,1.0,0.7104283202741795,0.5761038411216355,-1.0,-0.0673218682118456,-1.7673942271665979
0.23703972375052385,0.644826840932271,-0.10028963716622535,-1.0,0.6515370111676366,-0.7179856331741672,0.933682845623949
-0.6144483422872825,-0.07093437156972665,0.9078206247054681,0.02859723533090483,-1.0,-1.0,-0.7484567735644942
-1.0,-0.1511229126630903,-0.1531006380772736,-0.1121413120068479,-0.9974570552601236,1.0,-1.116924258257461
0.1990884872500185,1.0,1.0,1.0,-0.08906473493624989,-1.0,-0.1879697360432421
-1.0,0.21511103911127338,-0.9245317808687633,0.05332400160245597,-0.7750438374427081,0.6641803666363556,0.3847587731988602
1.0,0.031071386100576026,-0.2665561398416428,0.20087273786530932,-0.5624904578175405,-1.0,5.373117992870861
-1.0,-0.11232448089225211,-1.0,-0.15402332251053785,-0.6202503912536471,-0.9103318528405254,2.6340368694181318
1.0,0.03083938153360477,1.0,1.0,0.43326829478491735,0.37324576621855865,-3.5380787596605323
0.6005565325356812,0.3581966726479209,-0.4820504367997852,0.3395205290127429,1.0,-0.24779544555342303,-1.220001791027283
0.8062456357392307,-0.23700330662967767,1.0,0.6364005222110403,-1.0,-0.6083132379255528,5.1187966455465475
-1.0,-1.0,-1.0,-1.0,-0.9391515157664074,0.17211282024747226,-3.277384043706198
1.0,1.0,0.5048493682534704,0.1322871309565078,-1.0,-1.0,5.656847282599929
-1.0,-0.9000321686377561,-0.8749017312115464,-0.23691430164551797,-0.03121521912389391,-0.710892027659612,1.2919180875875125
-0.6124564693757932,-0.8399068386795384,0.4606316192923755,-0.6049223634793849,0.2571518944263431,-0.43864257428187026,2.535846924902614
1.0,0.133990585864878,0.11710467318174156,0.39138308219880513,-0.2979287360998345,-0.08134285791152229,1.2753737313816929
-1.0,0.4635450052946236,-0.11254311856503163,-0.9090241212065555,0.45642782473096866,1.0,3.5643228759153778
-1.0,-0.8048885508223224,0.012774534682719003,-0.410993564620789,-0.2506280990016904,-1.0,3.6258401006268293
-1.0,-0.6858459369004166,0.19994523065943307,0.5952782512146243,0.9120432642328958,1.0,4.520450326833859
0.008653445800979709,0.3543201963222429,-0.1260264246263525,1.0,-0.3667395257045375,-0.41218541576992906,0.7612052082050671
1.0,-0.003541377847762317,1.0,1.0,-1.0,-0.24228203330479414,4.551009694841285
1.0,0.29541936324161455,0.9579498789103195,1.0,0.7820261939823501,0.26397920379096307,-4.68997215924264
0.3051711386496505,-0.9886892304129791,-1.0,-1.0,1.0,0.8348204409971631,-3.4414968230228298
0.9986371072178972,-0.4761891054995297,1.0,0.2718351074888208,0.7541831349127041,0.47665453629550086,-3.6284685256697387
0.5602978389123183,1.0,-0.019589017509761275,0.0009410125327374078,-0.5826634232212615,-1.0,2.8777387748974026
-0.05969976826749257,1.0,-0.660635187411079,-0.06311212864664895,-0.8296372232767861,-0.5013456114096351,1.1191493003142754
-0.5798539915388204,0.6857987465760182,-0.9040547028562056,0.8675280020648255,-0.023946879808522892,-1.0,4.800769840804162
-0.6183854881093374,-1.0,-1.0,-0.4625800583100932,1.0,-0.3420375437589074,-4.046812066371144
0.6951209770554497,1.0,0.34042036342283555,1.0,0.7049586834208736,0.7736182541636205,-1.7293701954760226
-0.5590421710702026,-1.0,-0.1078514966610098,-1.0,-0.8254121732948244,-0.5486801618057898,4.429826141203843
-0.07062485049622402,0.07114850055943167,-0.4801626290180001,-0.47669838311729335,0.11387422796102253,0.0315148527104967,-0.8075827006634617
-1.0,-1.0,-0.5854861481067518,-1.0,0.7353871820922203,0.5892645033717587,-2.913720856397489
0.8887142820292399,-0.46326523657359453,-0.9091135235711199,-0.2879581017152826,0.5562683054981103,-1.0,-0.927922361343013
1.0,0.48862612668393374,0.9254704326544771,-0.09971779998164211,-0.3653026623619636,0.3401559071019553,1.251379493081319
0.31537953217218306,1.0,1.0,1.0,-0.013033877984311215,1.0,-5.857818642560205
0.1050330885324017,-1.0,0.9148947142643518,-0.6141385048841312,-0.35268676003587074,-0.7006611103116258,6.300671236299364
-0.18243859900585113,0.6385163550607942,0.3772888921607102,-0.1568522220165136,0.03610543520649334,1.0,0.7657310483564428
0.6903848497018272,0.9422163777829331,0.28984636845085543,1.0,-0.493653918640773,-0.6166970417517432,4.6562965350135945
1.0,1.0,1.0,0.4205723324249302,-0.20874995852701408,0.32446035181265287,-2.772342278983082
0.6422655361827125,0.6537983006303394,1.0,0.9221202344014849,-0.08918713354659569,-1.0,1.48365260875619
1.0,-0.12072606786885542,0.34040623293507644,0.7901962344912392,0.2887614430962986,1.0,0.9323639797787302
-0.15270419479409997,0.1597775261552732,1.0,0.9842842667312588,1.0,0.22356554029542997,-2.813519834699149
1.0,0.22957134334967844,1.0,0.3640346684072644,1.0,1.0,-5.234412645135669
-0.37630527876052233,-1.0,-1.0,-0.7445136156510672,0.09400894314633879,-0.2748313583982385,-3.606144049796151
0.5375848198284978,1.0,-0.13139571794786026,-0.01995831757093161,0.278700515520349,0.3107506861537952,0.5957966120578972
0.16979047341203202,-0.14951903525000354,0.2937389583369885,-0.7082178621678172,-0.22012282808030648,-1.0,3.235664391805682
1.0,1.0,0.8934577993384378,0.9282218353647975,0.1636842202117108,1.0,-5.235377004800424
1.0,-0.08806685591011154,0.8938257939393583,0.5947704771253213,0.7942502240565295,0.2247194081375884,-3.088430131044729
-0.37469681808053745,-0.02891108686428584,1.0,0.585751600020563,1.0,-0.5504310092447635,0.5844218015656851
-1.0,-0.728889245788964,-0.33441795118354734,-0.060713004476390275,0.5433856282915599,-0.212733399536906,1.3475593659971736
0.04337607593483617,1.0,-0.43291356129672987,1.0,-0.09810972132012141,-0.7628638814276352,2.699085927738062
0.8402192042469918,0.039287174670433744,-0.05366266150623639,0.6829204956248885,0.2892393674780602,-1.0,3.726226661488014
-0.2695438140443469,-0.9691124800126378,-0.21904988256909186,-1.0,0.7124452525444946,-0.9233412907925638,4.594810484846544
1.0,0.9740351332951922,0.37353006065323435,0.5779053054375498,0.5118600745069096,1.0,-1.3424771495599646
0.14688128246248922,0.9629045640197055,0.15731509066385452,1.0,1.0,0.8392711879872022,0.9639645623227799
0.8608855529032995,-0.9871878458510299,-0.22567167901117635,0.5138698021507089,0.44168248292917905,-0.8904054470925661,0.7807133033103144
0.7840821231814786,0.4145106921041901,-0.30289604951040244,0.9747750086862732,0.584839615150111,0.20249357909303778,-0.7474570953474542
0.11312988934236307,-0.11038232154917371,-1.0,-0.5867560868359247,0.2225909991576983,0.08922898744757579,-0.7672972733961982
-1.0,-0.11247108684994545,0.609670996388926,-1.0,-1.0,-1.0,0.6090682956314591
0.08351435850525445,-0.471932514509512,-0.6803597429335095,1.0,-1.0,-0.16539962156189247,0.428888535228409
-0.9585419314859818,-0.7031873549104897,-1.0,-1.0,1.0,0.1811440471742245,-4.439761810564444
0.4443433470025653,0.8510528010392904,0.5338270910678722,0.37406420171150234,-1.0,0.34910348065132557,1.0679630192743699
-1.0,-0.714981247708229,-0.5637274748311272,0.39115233055321597,0.8950968391857854,-1.0,5.521107750967369
0.2529456668886285,-0.29944734002735035,-1.0,-0.07567891591077991,0.6209535823934647,1.0,5.085520202371154
1.0,-0.352085649029785,-0.14558226156089282,0.6007752202090552,-0.5087272991342167,0.33396305474587007,1.101972260405975
-0.1832259985711825,1.0,0.1702189949723561,-1.0,-0.20668956183060527,-0.430300790546464,-1.4629541841605733
0.1168150216563294,-1.0,-1.0,-1.0,-0.20535536344907146,-0.15521549264492518,-1.64630765441581
-1.0,-0.4074287344463167,1.0,0.5196322807981341,0.6483851135230991,-0.6437522058591694,2.167876081643942
0.14341119481413053,0.31552968260893877,-1.0,1.0,-0.32832220759724806,-0.512127716161338,-0.9277323320961055
0.9007571255471245,1.0,0.43878935774607464,-0.09732879580400533,1.0,-0.4313962208333229,-1.3982283623891616
0.40416663099137784,-0.05605372441232159,1.0,1.0,0.7344620691270436,1.0,-3.1198455984597184
-1.0,-0.30174398681162495,0.2721738421325811,0.06139052926169807,0.6140179851354641,0.7634581171131319,2.1495230982454285
-0.45189549127868145,-0.8036535739660025,-0.41133547460751524,-0.21068771849528733,-0.11620570130195329,0.08788686958651115,-1.5714141635365655
0.5596900570412174,0.6402142779803868,1.0,-0.6467361575841891,-1.0,-0.21659305624347458,1.7441766799236085
0.7736617028269369,-0.1609931766483072,-0.49953542582767474,-1.0,-0.8775097022044569,-1.0,5.637356935791767
1.0,0.690172780058518,1.0,1.0,-0.3165234639254013,-1.0,5.583250859308053
0.1629936147559755,-1.0,-0.3363416739272841,-0.40608088718650154,-0.9737284436349749,-1.0,4.047636788781394
-0.7972653415744059,-0.8583752496290253,1.0,0.06454599430560154,-0.27166236104954655,-1.0,5.305384737387465
0.09754292168922424,-0.8969351958889564,-1.0,0.9147499641476986,1.0,-0.2203036727495672,-4.809859665839206
-0.7224099649793255,1.0,-0.34739034336673136,0.6970936505673393,-0.27290768597932114,-0.7462938052079315,1.56930144090444
0.520119886370376,-0.6445508861173167,-0.10272261164705498,0.3781340981784045,-0.1282606252726054,-0.05970441631691481,0.14426133590518175
-1.0,-0.06478975790715169,-1.0,-0.8653466005568762,0.1295662038803026,-1.0,5.134994403890146
-0.9477447302217445,-0.8318175721869299,0.17720688725154654,0.26163963493330944,-0.9261753062525668,-1.0,0.5289965824911771
0.0911788189562297,0.9102941340879667,0.007297795637790205,0.3992428570506408,1.0,0.05714877572576768,-0.15956497500312306
-0.3595082443301548,0.7971600653207007,1.0,-0.992295466274977,1.0,1.0,1.2228518548667189
-1.0,-1.0,-0.9771894648566405,-1.0,-0.6241362046915684,-0.09802316135811662,-3.9005559604096183
-0.3154046948101155,-0.4956712827031984,-0.43970994488249726,-0.6183670600731391,0.6949938495857546,0.9832694584795386,2.3977334503365633
-0.19286490198833572,-0.5299182157669958,-0.8093697800864583,-0.2664799389200869,-1.0,-1.0,1.9128225366265872
-0.536728641583146,-1.0,-0.08212833610865133,-1.0,-0.45533317911669036,-0.36863575972459195,0.9268029430956481
-0.1792798290714791,-1.0,-0.0009665470738169368,-0.2081597484909763,-0.532002410422965,0.22241551862521053,-0.6148604592408615
-0.7188307967625108,1.0,-0.3007700902192424,-1.0,-0.7802562028036779,0.3719188440519843,3.508266678595101
0.1625486408380361,-0.7732037533312557,-1.0,-0.9825000592917863,0.5219572102040125,0.76546466957109,-1.2033658208468798
1.0,0.5050764182297138,0.009097473494664055,1.0,0.58308825151535,0.6400415488677602,-1.0694508904977977
-0.1789649374815132,-0.9033733945189106,-0.3145017482700536,-0.17297632990745027,-0.5091289185947359,-0.8197941667920485,1.4507515562672326
0.9747590212466645,0.505886335589106,0.097352365717014,0.1550074099842566,0.8588845193081447,-0.6005414412980883,-0.627205842649071
-0.34069176117373723,0.16604495170269634,-1.0,-0.5691948459819003,0.11119213852893706,-0.4245645791523043,-0.3895495396112504
0.8651439259144931,0.05042160681968458,0.5134950211692841,0.5901192856929567,-1.0,1.0,6.231991560150909
0.0958664873592902,0.6227480164195518,0.7108339401141632,-0.06010825420057131,-0.041504955911791375,0.023900049855061,-0.16969162889420458
-0.6690606593304942,0.5130483621421159,0.7498747009167532,1.0,0.10184816638567362,-0.37335828588304965,-0.8489099826534678
0.27029881806445544,-0.41550999081574724,-1.0,-1.0,0.7766632379655335,0.41974088214140426,0.2564522630573056
-0.8294935203696799,0.5645126491503433,0.01511893112034951,0.8280589500289315,1.0,0.1463902182824719,3.379102088125494
-0.7807737793875631,-0.5657302738354345,-0.44596504314194996,-0.5715183723534123,0.41474505998652433,1.0,2.3782698874815966
-0.26133974427006956,-1.0,-1.0,-1.0,0.24330896949493375,0.7639966991710083,-3.997539208371991
-0.35267882952124296,0.31009741666236684,-0.10994981964087433,-1.0,1.0,0.8259626144859828,5.8396637658004265
-0.10732201335890654,0.4298634054658085,1.0,-0.08154502763820015,0.395154397568124,1.0,-0.7118481842090337
-1.0,-0.05871142159910592,-0.24133064404572008,-0.6347848758863428,-0.03667687741264325,-0.32300271885531234,0.7367557283176573
-0.0075764978860525245,0.05938096465539608,-0.7011055385213021,-0.9138853684348319,-1.0,-0.6052412795730939,0.9882077404309343
0.5660493856495157,1.0,1.0,0.8630338055711766,0.3261410855842407,0.195164336300147,-5.250578391850556
-0.12718138369084997,0.280187560807852,-0.6252719437995014,0.053683001816472675,0.5721585637504489,-0.37762179517509353,-0.5933059003021501
-0.2698534117637897,-0.4713490494161546,0.0738641126939642,0.2911165367561492,-0.1264689915084421,0.18464170113812567,-0.5816071469695252
0.8600531753091732,-0.07123246651955573,0.2049676774775845,-0.009787729610404083,-1.0,-1.0,6.351030368030501
0.2810501995971131,-1.0,-0.1585877045285391,-1.0,-1.0,-0.6536197362357314,8.146264827610098
-0.5517009975095258,-1.0,0.6840144492232705,0.04597553461856729,0.6195990723334558,-0.04419322729737063,2.463173300770136
0.32545044955274194,1.0,1.0,0.8305330280710777,0.3379921627662067,-1.0,-0.978166855880395
1.0,1.0,0.9192175143744332,1.0,1.0,-0.42247956717866586,-5.485067307465738
1.0,-0.2551280377970453,1.0,-0.06653555444093136,-1.0,-0.01828316296060173,5.490342743989584
0.5034684555451449,1.0,0.4937333613844686,0.3440630920478428,0.46211254967500687,-0.2950588327035415,-1.0152794886785195
0.11726711880233276,1.0,0.6236675395615892,0.5353383965347668,-0.16090617538426366,-0.290182882982734,-1.4844683123239948
0.0058144534938925135,-0.0008759468685519689,0.3053285281730447,-0.742779611315837,-0.14176936971662757,-1.0,2.355588075148921
0.26782877877193695,0.2631823403951828,1.0,-0.31583481333908753,-0.008960907836629312,0.02766735344909088,0.11211920078242463
1.0,0.7275109111441547,1.0,1.0,-0.9094444523429823,-1.0,8.714543629540241
0.31889447839078344,1.0,1.0,1.0,0.796889239889667,0.6116838814041234,-7.339894455380696
-0.9322542014665975,-1.0,0.526666944472901,-0.1260519380889571,-0.7213562112106181,-0.014618671737514188,-1.2472560302940274
-0.5243260216750759,-0.5861098599458565,-0.4075410929037879,-1.0,-0.33225576929787537,0.6814687574124164,0.29867573372689066
1.0,1.0,0.3912444514285105,0.4521827858012799,1.0,0.9457170410071054,-0.6692211147495972
0.4918459171882643,-1.0,0.5689276605860749,-0.7361976609191719,0.17904154809474748,0.13596799445942304,0.41407490638163047
-0.32062134295619205,-0.3816025610567707,-0.8893640753111585,-0.10487448561379642,0.191642116375704,0.644151398165944,2.5899147470979664
-1.0,-0.5625685691857163,0.07590517418200571,-1.0,0.6247600237305745,0.489118835160953,1.0639026358530517
-1.0,-1.0,-1.0,-0.4092147179816852,0.4600138548160404,1.0,2.1532176139978834
0.29595499632299094,-1.0,-0.16466768897280987,-0.6064123549588171,-1.0,0.2658277051361102,3.1124235419161264
-0.04219329395268337,0.32111180129891015,1.0,0.03637751094013286,0.15154631868771506,-1.0,1.7335869595942572
1.0,-0.08243800706320803,0.880562499967791,-0.3968082465299169,-0.2910990698318064,0.7659172742350769,0.9518708541883492
0.16265961943054585,1.0,1.0,0.21702529550633143,1.0,-0.002266922603262042,-2.3569054437384964
-0.5298698493485637,-0.07998242584938176,0.6811686665722199,0.6445748598562084,-1.0,-0.6003187405432385,-0.23276895894107008
-0.7823508942498444,0.3192341368888296,-0.8049418816392814,-1.0,0.5061493311089151,1.0,7.655501558274885
-0.6896145377979314,0.20361450741839004,-0.3514466474768756,-0.6726849162200212,-0.4996347258460385,-0.6068436308793068,-0.16533939922628182
-0.6930810003754704,-1.0,-1.0,-0.1852555631026287,-1.0,-1.0,0.4933686494873948
0.2173093270954949,1.0,0.2538610474905314,1.0,-1.0,-0.7657225454169448,5.536706482389556
-1.0,-0.2632410061036645,-1.0,-0.539435215155252,0.30012213895326445,-1.0,5.924330550783447
-0.9532409060832541,-0.8583470035370253,-0.23009637988955634,-0.7206695049756888,-0.5312552676893837,-1.0,3.335557440052026
0.55420770392107,0.9191477256801219,-0.5189085664338406,-0.10918972125811821,1.0,1.0,5.332523710473572
0.0070159508465712506,1.0,1.0,0.7304288403959616,-0.33107349997045227,0.09292394486735031,-2.3006979172770614
1.0,0.44063866125709966,0.25236558201978815,0.011470639923687576,1.0,0.13539089574808272,-2.892176913126556
-0.901627973711266,-1.0,-1.0,-0.8894345734978661,0.2493513328016599,-1.0,2.954643599408403
-1.0,-1.0,-0.6244502149388556,-1.0,-0.07668343803584798,-0.8397777110068716,1.2564098843702929
-1.0,-0.870103280797867,1.0,0.6686722829200558,-1.0,-1.0,-0.8758277839100124
-0.6077449725771176,-0.41162484850811687,0.24982012340760984,0.06395629135822883,-0.6276288953001119,0.9540035665987912,-0.5371776225772454
-0.20284183477847195,-1.0,-1.0,-0.9806488700039804,0.24873877511047027,-1.0,2.9493079124232224
-1.0,0.1623504724859512,-0.5996872679362306,-1.0,-1.0,-1.0,0.36447682545525906
-0.9084864147552438,-0.5430162409750965,0.6866816984796116,0.017933572512386475,-0.6142933353975641,-1.0,2.6706112892626224
-0.3082269351825775,-0.963463686280037,-0.8629552509536818,-1.0,-0.6755884703925163,-1.0,4.326391982722047
-0.33871506467724843,0.913119586570413,0.34589150969600724,-0.3324545630273916,0.6491124437209221,0.7109694482157771,1.4842097528891456
-0.6296504179940146,-1.0,-1.0,-0.44837878703036504,-0.7162080743470317,-0.8363568044489975,0.9921136227321494
-0.5620187423550385,-1.0,-0.42066049873224953,-1.0,1.0,-1.0,6.132081437594867
1.0,1.0,-0.3208061993783624,0.13760047760285177,0.30655300857219536,-1.0,2.266365202523477
-0.8889667224661426,-1.0,0.2427022843380643,0.6304903495082113,-1.0,-1.0,0.32961300682539074
-1.0,0.29551471637303905,-1.0,1.0,0.05525899834863712,0.797012482657933,3.606813046850211
-1.0,-0.3036838408534669,0.25722562971574536,-0.7232818305882733,-0.5533886461177873,-1.0,2.4506142569180573
0.5913684160454358,0.8263055294485073,0.4297777174590476,-0.12484011194052576,-0.5353999492068852,-0.4819643139042338,0.9764764876671391
0.14160330852149294,0.7737020953845968,0.1667793897995717,-0.08845318076669395,0.4429579434785169,-0.3383020450600852,0.09403370058236782
-0.5411566377725284,-0.4818871341050643,0.9034708385675698,-1.0,0.5068068461148428,0.6572217830367864,-2.4952842021876687
0.20644388719370566,0.2038168086932678,-0.2721619210696712,0.7305787002272129,-0.5630264167330237,0.4246562255328156,1.1068871088668428
0.5195667104689172,0.33662522229242486,0.7697265918156582,0.312285006473522,-1.0,-1.0,4.019726117450647
-0.23205381766703626,-0.13053191395724695,-0.4336818281983654,-0.9220520405150694,-0.7958775988941964,-0.3793372292886644,0.38937695291920227
-0.07672700883092332,-1.0,0.283193023354416,-0.46903132615391613,-1.0,-1.0,6.728897733490691
0.4260595848177874,-0.17328797399822554,0.06991718767830446,0.611341700589121,0.04317800826495166,0.7666714060749207,0.8514443420866353
0.7944505862084625,-0.6117270360849665,0.29832930078853176,0.6293203552850043,0.8779797691814039,0.5841466412719067,-1.5883589090127848
0.5999409953973459,1.0,1.0,0.6377607186629748,0.2815575166074421,-1.0,-0.6785986279856178
1.0,0.10397931100614594,-1.0,-0.734211164023848,-0.5804865809978113,0.30706478155327044,2.611304825221775
-0.5366993228757622,-1.0,-0.6465922113872433,-1.0,-1.0,-0.4137766217800296,1.7098186626772276
0.8022753002646288,-0.953608510220072,-0.4982367373792045,-1.0,-0.04810170408170952,0.6310298483761996,-0.5661555758039978
-0.29055536244082747,-0.9644260745925506,-1.0,-0.24980747623602428,-1.0,-1.0,0.7385966552615293
0.9405129090348038,0.1688933491676557,-0.5764146638565917,-0.3206274471583253,0.17065784305326914,-0.1156003186364879,-0.32306638707863555
1.0,0.8105560626432105,-0.7475490941985108,-0.1469514654831544,0.5894285925245702,0.31343507000447196,-0.15414886888834806
-0.8901265485802758,0.4753139183829945,-0.8553255660677401,-0.4278281240166315,1.0,0.9155995401189291,8.881995930241505
-1.0,-1.0,-0.49437951777857514,-1.0,-0.8223384612008731,0.9269953486715786,-0.8503682515733795
1.0,1.0,1.0,0.9438921784071154,-1.0,1.0,1.6970805788061152
0.07271345446639454,-0.3850571244808929,1.0,0.4290752344128732,1.0,0.2769422768469411,-1.5999608755794688
-1.0,0.5608557430228448,1.0,-0.7712310190871808,-0.8960652860794842,-0.8699539551684266,-3.4031487331357226
-0.03260032186156703,-1.0,-0.4257589803446127,-0.49509435200084306,-0.5880045912867488,-1.0,3.9706859180907026
1.0,0.5321037787166248,1.0,0.22185342667804098,0.5116836191863166,0.4754555104072523,-2.8246711760605407
-1.0,-1.0,-1.0,-0.5029886201130689,-1.0,-1.0,1.7142336545366768
0.09636447601845421,-0.7174185268529232,0.20966197749500914,1.0,-0.443920625545822,0.896063171224857,3.8934170633548755
-0.933878443571786,1.0,-0.6370586070474771,0.7672794924938049,0.24035793938757966,-0.24395634000674704,0.5138863767084452
-0.35922723307146265,0.06397672922028286,0.08220660292652399,-0.05146020967259346,-0.6439070016504451,-1.0,1.5526229198880699
-0.35094070194184723,0.19866529717079562,1.0,-0.1221446254229937,-0.4991513189353831,0.3651793156898411,-0.8588786881463869
0.29516186254712085,1.0,1.0,1.0,-0.9581472927238969,0.16107244244636054,-1.5695116148112376
-0.6936727926589884,-1.0,-1.0,0.2420822745573017,0.0520565775906745,-1.0,2.7014965531024173
1.0,-0.3970420616161494,0.228941387498663,0.26117284680969816,-0.9909935480799881,-0.560114464536166,5.922150033575849
-1.0,-0.5005753315054391,-1.0,-1.0,0.413282912076901,1.0,4.1078700008233335
-0.32662226054133336,-0.6950137523500479,0.30756679530618625,-1.0,0.2693463102256738,0.24184016743733866,-1.187919161409432
-0.15110481399502673,0.5167493118635554,-0.01714589576089995,1.0,0.31227872890731195,0.7360396026454566,0.765888961303699
0.9056083610547484,0.7371413891131093,1.0,1.0,-1.0,-1.0,7.684478712959461
0.03381353946906368,-0.05364861319264069,0.02626037000807102,0.06309500747294017,-1.0,0.48583417970816467,0.4666045539928897
-0.875506739527226,-0.7605312745210783,-1.0,-0.0661877921197297,-0.07604714967484782,-1.0,4.42885317552345
0.23939204389150248,-0.9453936912994837,0.44292614191213847,1.0,-1.0,0.8548668860404731,7.232961594049417
0.5023156698249014,0.09322788000366375,0.27746177729907934,-0.47982712305378983,-0.5920702397066095,-0.9752543912296465,4.549562959470359
0.19094895536503387,-0.5534184734469925,-1.0,-0.5496223317719695,0.3067732184032008,1.0,3.77995207664031
-0.5853220920099997,0.5087469258507226,-1.0,-0.3699255298522216,0.7310576117744525,0.36897850016117906,2.5389334112988533
0.7153432149276251,1.0,0.6430654139108107,0.5575342788809794,0.08377899942110562,-0.9058564945902796,0.486583652328217
-0.9413046349091778,-1.0,-1.0,-0.7226751869320338,0.6589010552796137,0.46394759489753584,-4.798656616503048
0.17090829745935404,0.5386494490334744,-0.021935622203269278,1.0,0.673416089237291,-1.0,2.6714133370191333
-0.018143360828970778,1.0,1.0,0.6641761041760343,0.4447414593248127,0.1815822253044137,-4.021872193419067
0.28629450656070676,0.7912430906633509,0.36132066949020736,1.0,-0.32599120152037053,-0.5079656708792818,1.645442796191415
0.8573024246072025,-0.5244253737677793,1.0,0.055508423248612965,-1.0,0.6062431235922614,2.8808837376498793
0.4525025209264219,-0.5582487381134501,0.4737449216409034,-0.22781227377077093,-0.1919146534797596,0.4026140663977943,-0.0560653199992065
-0.1748722338341533,-0.3179528431100762,-0.6170521757507501,-0.22216714387976266,-0.7647180843821091,-0.3565432153979381,-0.18579935048141147
0.3557595449037919,-0.01071524026189588,-0.17497795358820156,-0.9529113663307032,0.16443212664455487,0.6863826952085594,1.583318639365399
-0.11604367716885056,-1.0,-0.09201527413037355,0.5338539448160948,-0.7459997940147585,1.0,3.876046038763669
0.40591319477348475,0.6557295710257551,-0.4244993020325761,0.06257955429405548,0.5544409286896164,-1.0,1.218891468882231
-1.0,0.10906880268478963,-0.9707019573136353,-0.33215319418498057,1.0,1.0,8.97977877956122
-0.7937784163995476,-1.0,-0.9181482685919421,-1.0,1.0,0.6245174145973702,-4.033078794818206
-0.3415700441191279,-0.11049814387311091,-1.0,-0.6167392690692451,1.0,1.0,7.573492893521822
-1.0,-1.0,-0.3171613424026438,-0.2818236236825056,1.0,1.0,4.490811004853871
-1.0,-0.5479020201033766,-1.0,-0.9118395016496668,-1.0,-1.0,3.6804943329074904
0.9432314261268401,-0.38734119077139306,0.7473734600201049,0.34282764498124807,-1.0,-0.9502557944712913,9.431212915347075
0.8611117453554324,0.012757403265888145,-1.0,0.03392089125719888,-1.0,-0.11370822382602697,3.4825831163505687
-0.2542984664828783,0.903273522776978,-0.6343773675006693,0.6785587612537297,-0.9003892399874802,-0.038259900786309586,1.5847544835657397
0.14021517888540047,-0.7519213175907278,-0.9266543215991555,-0.49876930174624645,0.5523573732919297,-1.0,2.8365377498182687
0.299312647048231,1.0,0.7995866504138107,1.0,0.591981269545982,-0.9263331823528961,-0.6408623284923636
1.0,1.0,1.0,0.5108872914624039,-0.058511360748626284,-0.641035823662456,-0.3351977724276209
1.0,1.0,1.0,1.0,0.42897621854306434,0.525238489279864,-6.589175790726009
1.0,-0.6083146103809809,-0.3575859095717027,1.0,0.008882945193078515,0.33775974221679295,0.5091182881614608
-1.0,-0.04084319308283468,-0.4962144871857396,-1.0,-0.46147599591367616,-0.29228354171162324,-1.310231033301118
0.344042263987399,1.0,1.0,0.00796040645485907,-0.2747777712504908,0.09650783869474977,-3.2461178954512264
-0.2935954853685867,-0.7717941250483322,-0.5779585420939239,-0.07909221846957615,1.0,1.0,4.641882558824813
0.45381891017162035,1.0,0.6610770941510002,-0.00937423809025939,-0.6510940710414413,0.7069753981642488,1.0171418709999829
-0.1577104509589406,0.2701230003820252,0.0450575874072596,0.8386295756282646,0.4713577254900184,0.3343785970903126,1.4069741400990596
-0.595515829168444,0.5180736793111143,0.10052520288827993,-0.7816622504792745,-1.0,0.4397622463985778,0.9990217642671965
-0.5627078565630521,0.0753840331660095,0.5765117500463287,0.7590737913545293,1.0,1.0,3.856998401405906
0.11990018327815832,1.0,1.0,1.0,-0.8570401702372243,-1.0,1.3722631588513639
-0.7815224536637193,-1.0,-1.0,-0.694652069186068,0.3496318970240103,0.20407160475517386,-4.410939233421802
1.0,1.0,1.0,-0.3088861237748553,0.38306038643028695,1.0,-2.6192605772599524
0.7014782948314391,0.30135134759784993,1.0,0.8417935858154089,0.16126714696915467,-0.262439255664462,-0.8888478443193075
-0.2266340095218023,0.1507616182501163,0.13474181828221943,0.21073528618512147,0.10926313270944163,-0.24549891301182614,0.6190988591859061
-0.6973977391680394,0.540115145726749,-1.0,-0.15410138294905884,-0.4385944197594569,-0.21250864847468476,-0.5241487954512838
0.2507633404859311,0.5403558888770412,1.0,0.4236570981962293,0.9688296875723525,-1.0,-0.5862157343575064
1.0,0.42355291312692733,0.49210263195164416,0.903278374620923,1.0,1.0,-2.023457491300503
-0.7420710217927353,-0.8070370480761302,1.0,0.6275276887782176,-0.1374332424267617,1.0,-1.5045709530895672
0.3255504020585402,0.3269606823056169,1.0,1.0,-1.0,-1.0,2.616400273877739
0.4575767363331237,-0.2981162269497325,0.6317436860029668,-0.7131289538550618,1.0,0.2715224009240602,-1.3165044698936021
-1.0,-0.779809645637927,-0.8099573295131988,0.19012571354911223,-1.0,-0.11428190593011567,-3.836508772493922
-0.5674333369933751,-0.46932398882791415,-1.0,-0.4637088719077073,-1.0,0.8049742873743161,3.034889687945358
-0.8609048278658364,-0.18196976276584942,0.3602819918333704,-0.06984558205219815,0.14131862624294456,-0.2390535676800749,0.7080330785546946
-0.2850110012616942,-1.0,-0.4696845612050311,-0.8070799233340975,-0.333938544797306,0.8622462352526191,-1.3321949894938507
-0.2638999528461462,-0.44154458538209523,1.0,0.9834865189240561,1.0,0.39532351264015836,-0.918400247826154
-0.4373228631562556,1.0,1.0,1.0,-1.0,-1.0,-0.32118415526838173
-0.5927516620313662,0.06684668450954713,0.7758400758431125,-1.0,-0.9329060953101356,-0.4559952040780119,-0.6694627389841301
0.0673063498712263,0.03075630093383208,0.6750257572406273,1.0,-0.2628227913939194,-0.5644422303566011,0.14262619743289495
-1.0,-0.1346674770380485,0.23630758623479975,-1.0,-0.24207899500520047,-0.043424517583918076,-0.20182893455136797
0.9273799673452633,-0.24648101569075553,0.051206666491135366,0.7336254336416544,0.39893700139972554,-0.9296378934449805,2.3437409467946275
1.0,-0.6088357878768027,-0.14308096092038847,0.9004506016105641,-0.6106592850165529,0.7107170548462112,2.9372393753603254
-1.0,-0.80137890488802,-1.0,-0.8914806677215672,0.19636818363384556,-0.29800314016096635,-3.588134623699445
-1.0,-1.0,-1.0,-1.0,1.0,-0.10316549854579316,-7.2446734663054615
-1.0,-1.0,-0.1994388992625311,-0.48993007518191073,0.810963698370304,1.0,2.568393417981974
-0.30436812707796906,-1.0,-0.8293162019859788,0.41775341742363453,-0.5632935678895568,-1.0,0.7929570711695878
-0.16260235007925855,-0.5135692789876091,-0.6264122745501927,-1.0,-0.6236235906054324,-0.9700413104612089,2.974794468385352
1.0,0.23098441659196106,0.24119243457323064,-0.15827677849174826,0.3724960227385622,0.22011926049184474,-1.4294763461517177
0.738444445189373,-0.03779769045927195,0.9973680681399666,1.0,-0.22478656716895734,0.36416739378594876,-1.652171869977935
-0.7783388461461567,-0.4222561114672305,-1.0,-1.0,-1.0,-0.9447193537698153,3.1145548351038306
0.0886361343956151,-0.7806842310719457,-0.42816825258383895,-0.8154178680073677,-0.5952486223837478,0.21348957290664616,-0.13879879756148228
0.7254517658963089,0.6893289309696613,0.4970259445409443,0.6922940735245273,-1.0,-0.0749707196442142,3.291866651245428
-1.0,-1.0,-0.45397450327498523,0.44895608006419474,-0.18971847552641227,0.8798041261437267,-0.2657316390659451
-0.8318058871875438,0.1770663854309527,-0.33224486557555444,0.06430990231463218,0.7981067436033692,1.0,6.26570933249525
0.062443263825753936,1.0,0.7846522879396021,1.0,-0.10496882755141534,0.33500854706437033,-2.5662790278935863
-0.9917128633822005,-0.8417196679291763,-1.0,-0.7794151528250606,1.0,0.8482341324179132,-0.07819142170231655
1.0,1.0,1.0,1.0,0.7724839673997659,-0.17849759205149568,-5.766300225598017
0.4140340338363042,-0.1345848206627307,1.0,1.0,-0.621775815683825,0.8465026920422738,-1.4294533514710068
0.20241916551893568,-1.0,-1.0,-0.8346987474457004,-1.0,-1.0,5.857836417754919
-0.4881668510619426,-0.1812038789268463,-1.0,-0.139324685487777,0.05433500047095219,1.0,7.016923250393017
-0.762456824067183,-1.0,-0.5275677369436639,-0.6261837352879367,-0.39472954824427964,-0.5338369747100189,-0.5743329091841263
-0.4245563688857472,-0.9978310188095934,-0.4710804722801234,-0.4468618134361657,1.0,0.35239943863024215,0.18817422078126989
0.7521237363468487,0.8265688910924496,0.3187785149481327,0.8747466254696284,1.0,-0.6586361057381319,-0.6607904756950945
1.0,-0.47835658772091444,0.41135233504028673,0.5901049757133519,-0.5048041413784474,-1.0,8.329366626283917
0.8439686923738834,0.1742549811610853,0.07304990483934487,1.0,-0.39707169978712353,-0.712083040672727,3.138441462631058
0.4166407112046403,-1.0,-0.6086061332670576,-0.9018210222118764,1.0,1.0,-0.837397747768784
-0.168825494455781,0.11607781194922828,1.0,0.6770182451568102,1.0,-0.5400041126921002,-0.22800763226548165
0.20620600303063008,0.3050181622922764,-0.4349779751858524,-0.9225762476278557,-0.019815156117358068,-0.43073976092400906,-0.6870166242454896
1.0,1.0,0.6631668774426516,1.0,1.0,1.0,-5.644410885509229
-0.26158097103173816,-0.1428412722006904,0.20192489934918956,0.3598821032702866,0.5472325439509265,0.3543110631866935,-0.028343057368500513
0.5681715743514111,0.3326489345972822,0.4068637684862647,1.0,0.23771181800796648,-0.8193704846312546,2.6534236811820593
-0.9322596793802416,-1.0,-1.0,0.3506460049417357,0.8442251887845108,-0.4116942438713427,-3.1602728891809204
0.9131357104269655,-0.22934561775700546,-0.8711325384998292,1.0,-0.9639575040003345,-1.0,5.39736322083083
0.7823055693217098,-0.025025763993312383,0.05637989937980553,-0.21851017517863192,-0.4431463578597885,0.015098777999522528,-0.13097382674622926
-1.0,-0.9444673441290332,-0.12424613414764218,-1.0,0.18052502050854313,0.01594799100578434,-1.401168873919745
-0.6310095754306367,0.6070116410765557,-0.6360635148780823,0.5813569913385982,-0.9567931053743242,-0.44660949031513675,-0.8928137272769643
-0.14620409798589606,-0.03180458635447503,-1.0,0.9981643444474441,-0.3025069217801136,-0.07930420887126477,-2.2520285986680633
0.4101615394851634,-0.13938407013312815,0.6148059119897957,0.7778396889552133,0.21523824660710877,0.1678121109588886,-0.708041666562765
-0.9622411689542267,-1.0,0.29694811872761867,-1.0,0.04083278607935681,0.3220561094907796,-1.6026516595340823
0.4141283184254956,0.6118396914906532,1.0,1.0,-0.27186673506724146,-1.0,1.7460722342364354
-0.4354291052881466,-0.9298307158350924,-0.8835820211732188,-1.0,0.5008420334136081,0.5405327917763009,-3.042033453427811
-0.5881449229407051,-0.20701366304511715,0.04917522346087533,-0.7044129058615474,1.0,1.0,4.689402027585413
0.10129491387334544,0.45766257415162326,0.7952906227810559,-1.0,-1.0,-1.0,0.9943387114309031
-0.13089319549951184,0.2195281641760536,-0.810226056838764,0.1944045712541489,0.3914440782655565,0.4172466247668784,1.2420649331069598
0.4055886261522107,-0.183318182732234,-0.9976733633112229,-0.31821803459897047,-1.0,-0.7848784079819486,1.7674958807141665
1.0,1.0,-0.14083031766596932,0.764405409493448,-0.9688876465724436,1.0,9.674637181020469
0.9700553414223732,1.0,1.0,0.5206711635732578,0.6916321695451608,-0.6992651473251013,-3.8438485653994876
-0.3137307807721983,0.03503460047977297,-0.6303040607254591,0.06173060898079852,-0.5251518775005639,-0.7178900811965799,0.46430289597705565
-0.8339178142489259,0.20193542035400888,0.9927330922667924,-0.9016206280452139,-1.0,-1.0,-3.122570506404124
-0.6852198121324473,0.8081333523493232,1.0,0.8986159841680835,0.1576586208386569,-1.0,-0.4356654905539911
0.16080292097454862,0.5962223868186718,0.18996418808177895,0.812201496616411,1.0,-0.510217157749131,1.3816655438935501
0.14180351147327563,0.016529135199680287,0.7510325117252784,-0.23651231741986267,-1.0,-0.6570038582819033,1.1243756197102022
1.0,0.5496018029052665,1.0,0.7053388381783783,0.5321723423673045,-0.7382938566388585,-0.19171991333165972
0.47461313091162743,0.10037868729677199,0.1276711886373666,0.5278162666722362,-1.0,0.8546955939039758,5.385439718579629
0.8176986547587979,1.0,-0.4167565086296397,1.0,-0.9691058641267465,-0.17705270646433302,6.67395275971175
-0.5260571996765807,-0.0788367331918387,-0.7638656919943897,0.129532432128669,-1.0,-0.9418135922604185,-0.03588049017165243
-0.31325752963037456,-0.4161486163322817,0.9817143790983708,-1.0,-1.0,-0.31994110095950457,0.8639211487385507
-0.9615318071807772,-0.4319855960834046,-1.0,0.8289574846905307,0.7481093516796383,0.9004667342086445,6.71287521804665
-0.08822517533927665,-1.0,0.132797976455017,-1.0,-1.0,0.09069649493661573,5.442561142599729
0.014780793539105441,1.0,-0.4380035616579725,0.4310653573520401,-0.46168273271378224,-0.36523579809141493,1.473034345532562
-0.8667446672900991,-0.5799044520276635,-1.0,-0.4431744575085432,1.0,0.768014914334209,3.1691744847615313
0.5180844758817409,0.9707062473619008,0.48550098961334465,0.9907578166738188,0.5749277709015861,0.9213528596169205,-1.6050693332178418
0.3892025168822225,0.05315249342884151,-1.0,-0.11330409437313804,-0.49319548442764294,-0.3889837326003962,-0.33545723534394406
-0.8468460534648647,0.9836603812576707,-1.0,0.05906011009524556,-1.0,-0.5516766922363808,0.5924644445248253
1.0,0.858806146440635,-0.5999401483478307,-0.5729838316813683,-1.0,-1.0,5.4277915460852535
-0.8108738230574405,-0.159389969093507,-1.0,-0.3152191982646382,1.0,0.04164220111318251,-0.8663284427528226
-0.8372760674531872,0.09912028670151618,-1.0,0.3534154593651668,0.22424386050493283,-1.0,6.493767364232092
-0.20421641282968545,-0.8760225715782443,0.36213206298376255,-0.5981891755979549,-1.0,0.3194004033227388,1.6261450813668743
-0.5462996438732446,0.056412942819408285,0.656549831826571,-0.07449039639585403,0.04719559221292302,0.9043492010343149,-0.37872936399703916
1.0,1.0,0.1722154199320618,0.33740864316654906,-1.0,-1.0,6.580637143643687
1.0,0.5747001083077152,0.8402618964466975,0.513495586987939,0.1491544180929918,0.6292451809242006,-1.9595584466764127
-0.6307062881221773,-0.13854343576431716,-0.21339619188082015,0.009490018511826293,-0.30354648394823225,-1.0,2.557444548946428
-0.032163558343675014,-1.0,-1.0,-0.004869568328985441,0.2874802468700017,-0.6821718393650187,-1.5542171730786198
0.6182180700114799,0.23814254173417182,1.0,0.690639390734062,-0.3682115005957598,0.5548314257293367,-0.8046205731511665
1.0,-0.31723692522559044,1.0,0.8542433707399302,-0.71991635754806,0.2860780558141599,2.896702877515727
-1.0,-1.0,0.08155591444731974,0.006924760753969528,-1.0,-0.5066996492650371,0.3525479069858802
-0.7550053646881381,-0.4343773331705455,-1.0,-1.0,-0.7930440814130092,-0.1230831644994417,-2.072732645962089
1.0,1.0,0.8214018942725081,1.0,-0.09731161933213267,1.0,-1.4730487454787204
-1.0,-1.0,-1.0,-1.0,0.6023290553497734,0.15543313810501672,-7.873490623968824
0.034701197031086095,-1.0,-0.9538313836687644,-0.6966607885331897,0.004696704529300488,1.0,1.2261963470248842
0.534939232234217,0.6960912683533351,0.12328351505082213,1.0,-0.17029748417208546,1.0,2.744928725415346
1.0,0.8660413064579335,0.5652533117956913,-0.6268818013983544,-1.0,-0.5844387726161409,5.38378871453136
-1.0,-1.0,-0.20141876859976482,-1.0,1.0,-0.8027871285764221,6.45878492163134
0.3914321075198538,-0.035015675919524814,1.0,-0.8960267401577577,-0.47153608150383997,-0.23540849606190206,-0.6980614282097345
-0.7022444537775683,-1.0,-1.0,-0.6802823164460927,0.8260263233327552,-0.5556795408693158,-2.379785826414185
-0.2469886335810802,0.8007426906559081,-0.3351298444808272,-0.09020865999603067,-0.6531260159274948,1.0,5.42700638472774
-0.6450541455816345,0.045404866318500714,0.7800622650593924,0.954840726977902,0.7956570189998677,-0.6587928758199642,1.8113682268564508
-0.5659665327358455,0.05618490674020399,0.8446953356471681,0.9029427261462308,0.6354552638252943,-0.4790114050468999,0.6158959943126375
-0.335571344990629,-0.3261947962971304,-0.02298650880910047,-0.9411937742294674,-0.8268529186138959,0.6564652195406884,1.4391554306016572
-0.6639519988420619,-1.0,-1.0,0.5148142228750943,-1.0,0.18262240184194833,-5.281188504960178
0.32942290493478116,0.34871122402246146,0.537975239634905,0.5692492102138428,-0.7186901993763749,0.2299472845567786,0.6996539953438456
-0.462658138266668,-0.41161036340929824,-1.0,-1.0,0.7695867651662525,1.0,3.9396241360943485
-0.6609614061219224,-1.0,-0.1884670148854498,-0.21990889392657942,0.5471518796171162,0.3202250689664956,0.32565741403694537
-0.8326746549523844,-0.03365993961008555,-0.3465689271904565,-0.39663692440948983,-0.29003706007245444,-0.32961169579542116,-0.453517505573262
-0.8131694003614747,-1.0,0.06438171780341567,-1.0,-1.0,-0.29153179682049823,4.054582533090173
-1.0,-0.5964314540130214,-1.0,0.23365575607899547,-1.0,-1.0,1.6582699191834749
-1.0,-0.3303596155831956,-0.34226824550435975,-0.4455822931752407,1.0,-0.03810208342584809,2.058446234948887
0.4007029904678239,0.1917234962400205,1.0,0.40055294948655296,1.0,-0.29738436131204576,-0.8056435643877728
1.0,0.5255380620611683,0.3150628881528261,1.0,-0.27673992812406895,-0.3669434977977689,3.0552616491409013
0.25015314007746736,-0.7568902313162946,0.214456238757588,0.2310883648314842,1.0,-0.286586908111874,-0.49066601052303616
-0.6524849028962022,-0.7491303600359234,0.4520821806331349,-1.0,0.47831032549267416,0.7167717625722241,-1.6555964556162128
0.7297194075674457,0.30628345780280863,0.48553773514973614,0.9809996671924219,0.48521396861318555,0.11213949380516874,-1.0808633338278222
1.0,-0.12782896268900235,0.30347171385223226,0.14328446000326744,0.21801399471751454,1.0,1.3872202310461286
1.0,-0.037436695931172825,-0.07644937030884119,-0.13437583107192752,0.47671842947288345,0.10930464681873436,-0.1936659487745236
-1.0,-1.0,-0.5424674106883518,-0.19962923248099806,-1.0,-0.5553029149324633,-1.453397696363495
-1.0,-1.0,-1.0,-0.8614428440439242,0.0014705766450487934,-0.9116139524294848,2.2954305871867486
0.12613926018516497,-0.12937114845055353,1.0,0.9154239662349586,-0.34064080796608454,-1.0,1.5287546322704018
-1.0,-0.2752004552114168,-1.0,0.8233548930250092,-1.0,-1.0,0.7027557584547334
-0.6812072396480615,-1.0,-0.2793806906226619,-1.0,-0.8199846914429152,-0.5581772033651193,2.628118043650444
-0.04518425631863998,-1.0,-0.23205907548769567,-0.9737328690235956,0.18959934115540356,-0.34622277936085355,0.523919093105049
-0.614044645539379,-0.9021981488311629,-0.12376554767958808,-0.7502659702774888,-0.5073666643942307,-1.0,4.0870553203631
-0.25563666088994486,0.18544176088780973,0.18217480061157015,-0.5875102748787504,0.128982967997892,0.8598507842222436,2.089004253884374
0.13793476209752864,-0.3023868104109364,0.7546498215576334,1.0,0.8388762407876851,1.0,0.8868117466004466
-1.0,-1.0,-0.47233957525078996,-0.5241948795023834,-1.0,-0.01975110061514138,-2.621110151173089
-1.0,-0.24481715223566902,-0.22093439418196703,-0.6202498506398424,-0.8000974698820699,-1.0,0.2747231286589198
-1.0,-1.0,-1.0,0.8762113453374581,1.0,-0.28040738372159235,-6.209600932723219
1.0,0.8986794969044672,1.0,1.0,-0.2677020573884515,-0.5702496274614275,2.7082642940099744
-0.694444676998339,-1.0,-1.0,1.0,-0.8514168302095391,-0.5445710743511996,-5.7866444211862085
0.9995953890902646,1.0,0.5016036826552306,0.023071411348783794,0.40625593947602767,0.4444397592241427,-2.7757865376168347
-1.0,-0.9396130082552553,-0.4790956537913599,-0.181799445993166,-0.0670948367526569,-1.0,3.974094352254966
0.03142131325476627,0.40042637291611105,1.0,0.599719962048049,-1.0,0.5311822184685699,-2.095199229239278
0.944988358202997,0.03159363328847242,0.19481322161237602,-0.18301038889556243,0.731821278342568,-0.21799622228644475,-1.9849394886853458
-0.8713467816315137,-0.2573619670868591,-0.8117180809167974,0.6536541101920568,0.9584187401659988,-0.2998696068490633,-0.8159049653813653
0.09970516502054305,0.4693975288668905,0.3594286323403692,0.39344440571356354,0.7159412794485804,-0.46875122575609174,0.14377803125800043
-0.015129436619248038,-0.2609440014101651,0.9359302005536996,-0.6132589460134262,-1.0,-1.0,1.2231730254000461
-0.2873942226869426,-1.0,1.0,-1.0,-0.5139510214738412,-1.0,6.93828930058829
-0.4753988322136939,0.17335121586585678,1.0,0.9853105894378883,1.0,-0.36121236162741793,-0.06008687251955225
-0.4510609906904275,-0.19862728445868505,-0.33400727544647957,-0.9860575635564386,-0.20045114524042562,-1.0,2.4752202098416936
1.0,0.11780524985353535,0.7336452312587263,1.0,0.6600933485997729,1.0,-3.021746584892681
-1.0,-0.30053310462108695,-0.8550012928244041,-0.4375786154876039,-0.8162540195172243,-1.0,2.5340790112027314
0.6850194618410225,-0.961127911908126,0.035514648940279,-0.5050170528506844,0.05470208128504406,0.4861648181465581,-0.08074768425445311
-1.0,-0.4463840255632079,-1.0,-0.6860347719291385,-1.0,-1.0,2.219153235003706
0.5242130585843159,0.05628447507037038,0.9141801865801824,-0.23346738344966123,1.0,1.0,-2.2424087287185532
-0.8018719144226631,-0.9918156690345801,-1.0,-0.08503570515394121,0.4338476556087808,0.07140673953640009,-3.793863817391359
0.9329939145792365,0.8026787434965588,1.0,0.04491918045543075,-0.3226336357280355,-1.0,3.6056834081388067
-1.0,-1.0,-0.17235660818105902,-0.9238325886155603,0.8421841708189572,0.1740615435658103,1.2324637282974837
0.1555819830923252,1.0,-1.0,0.004661216663616852,0.6976262625953826,1.0,10.156217966338797
0.9241705293405291,-0.8550546387297415,0.7082457161585489,-0.24254232748962423,-0.7839259982361422,-0.34483164233363495,5.585755970987234
0.7187530594815289,0.31235236008114153,0.29378762411075865,0.5175085142762953,1.0,0.457250622226844,-1.0709569048025918
-0.8911580793246783,-0.7562141201163117,-0.3966288226707648,-0.360813890118102,0.10750112545304535,0.7981548033288808,-0.21552348161796556
-0.6593094612226569,-0.14110521576524646,-1.0,-0.10468006399994234,1.0,0.10077643313861184,-1.0163701852788203
0.15528811161842832,-1.0,-1.0,-0.49781129664552304,0.4218587933162916,1.0,1.050756510847358
0.14857953691115322,0.10585904895535841,0.5677414071056033,0.7869225066753875,-0.8272578620666893,-0.4634967733280565,2.063961831324189
-0.2617528425683363,0.4452235626182368,0.9210849860304856,-0.17496926575978872,0.12717911879761862,-1.0,1.7524353694189525
1.0,-0.5870496016712698,0.00682220283814261,-0.4751239605799439,0.7309827463351709,0.5758420466006791,-2.677408699983952
0.14640136320095037,1.0,0.508976413455576,-1.0,0.2115242553930837,0.7957843748428888,0.9610539267281922
-1.0,-0.6475098213452843,-0.15268179284937156,-1.0,-0.23425473542254016,-1.0,4.175202037811268
-0.04641446048979403,-0.21229385700284198,0.8971525534781722,1.0,0.2166387791028751,1.0,-2.378200571255557
0.25720869823377107,0.1498710243430692,0.46179516559482825,-0.18783790695752767,1.0,1.0,2.5032801096685624
-0.41603792077058854,0.40573680251375177,-0.56705363425546,-0.8445526122240672,0.21423075865324126,1.0,5.36325258173238
0.0872847679345522,-0.292762803803036,-0.8228017922019568,-0.09718066849406182,-0.9076382410354091,-0.7481067495224033,0.9808193544791775
-0.78402615294929,0.6738094823903608,0.029372906892774525,-0.5038904808592312,0.9328354794735477,-0.6380631467265057,3.111961357024949
0.46116991020364806,0.3629865717010239,1.0,-0.22379072751477547,-0.5489422844339151,-1.0,2.59030351880644
1.0,1.0,0.4408771028049787,1.0,0.5312847691795339,1.0,-2.167070893090994
1.0,1.0,-0.05263886388585559,0.3611788785090133,0.8131589418853516,-0.7476573798760583,-0.38066790281156465
-0.8015615661367052,0.9795239522753959,0.42408225292249035,-1.0,-1.0,-0.7212959381705598,-2.1887042522312026
0.4792412758750384,-1.0,0.12655893108516406,-1.0,1.0,1.0,-0.5782998194637592
-0.7039841946097676,-0.6355603960738291,-0.25728706817909597,-0.20777972795143712,0.9505985410729896,1.0,4.735113981680942
0.24716133918471028,0.38719971691942434,0.12748999670400507,0.46657778658221005,-0.2357445482447411,0.13184261807429706,-0.11141809783790108
1.0,-0.438277753905025,1.0,0.9645668817059733,0.9826979505319383,1.0,-5.0346589745903385
-0.295403039335811,-0.46040658379206045,0.3828921444288931,-1.0,-0.352846215466301,1.0,0.8340341175131716
-0.22150720077000197,-1.0,-0.6800528559317055,0.2543733143354512,0.6339183038628036,0.5306670574699787,0.49822103018789643
1.0,0.3749257798653207,-0.11272713451703054,-0.3613361811083933,-1.0,-0.08178099076217293,3.1333454528893463
-1.0,-1.0,-0.809792752508024,-0.40133375026085394,0.4653803542639996,-0.5201574718140027,-1.517418746793075
-0.4680508649691353,0.23732181919323403,-0.8462856361084344,-1.0,0.2735434852014366,1.0,6.223992242920236
0.291232475594165,-0.07142123638336961,-0.0701335295216266,1.0,0.779106059983992,0.4629222447289861,0.022612619494128683
-0.24121967818013862,1.0,0.6457594144417579,0.66137458032129,0.3963779391584824,-0.7339594929320834,0.26981693048472577
-0.194709440204494,-0.6362581527658204,-0.541763701771708,0.34459274890454666,0.6483317216846249,0.034771956610860966,-0.16693503115608122
0.0002708134814900509,-1.0,-0.9162344669547511,-0.9200857707970218,0.059216496884948955,-0.08797319471470985,-2.3672500279845274
0.16373411972540386,0.9100143008998329,0.4538770971376356,0.32064123411030265,0.31860858030086336,-0.42669092865586455,-0.10722465031777617
-1.0,-0.8283887292955578,0.7334491381645725,-1.0,0.8029989121862082,1.0,-2.773264855950301
-0.9432206460850632,-1.0,-1.0,-1.0,-1.0,-0.667237250888375,0.7721793780213446
1.0,0.20672850364325435,-1.0,0.8023426651123663,-0.22128427809183343,0.32078244803509204,1.3593051132184704
-0.8879749911772761,0.46515672980105993,0.2877655771927038,0.2226081438866523,-1.0,-0.43824750140039237,-2.588563399299239
-1.0,-0.8046078790541185,-0.22283879984272537,-1.0,0.5984529776078085,0.7667222645389978,-0.20061312636930512
-0.516318902070112,-0.833581030258586,-0.4503216730077748,-0.965546603306522,0.2481197186561711,1.0,-0.6698899038281093
1.0,0.37714306267259956,0.3225093881518653,0.6265997913828671,1.0,0.2250886630566593,-3.0653562515801296
-0.2558233605286713,1.0,1.0,0.6167230963956765,-0.054766016130796395,0.8859286392080877,-4.941759961403305
-0.4906494618834164,-0.0059676482234735095,0.10981073737755709,0.29864905453014867,0.9110891184097087,-0.3989565573833045,2.0344675965211985
-0.7652441873928739,-1.0,-1.0,-0.4018198390965595,1.0,1.0,3.2380060941386457
-1.0,-0.7817713843241001,-1.0,-0.9329841837016042,1.0,0.5186900790412485,-3.5195025934396513
-0.7974525649508984,-0.7707855786810043,-0.18173004187731734,0.3277439057292263,-0.1892960516182658,-0.37902175819141937,0.6071526175536933
0.40837241322873025,0.6122707489214607,-0.6945104334013783,-0.47519149500571256,-1.0,0.15614612281992313,2.0078120884328845
-1.0,-0.05047108716635418,-1.0,-0.8920250590615523,-1.0,0.48265921635662284,-1.0416350952262445
0.585753771388958,-1.0,0.741544581954351,0.7655081407988045,1.0,0.7566253319794536,0.014865503316946471
0.6599751326562233,0.8432068176939144,-0.5687539430015478,0.6678098305971004,0.7851170914254335,-0.6076918769958922,-0.7104559694851427
0.18136110115569126,1.0,0.3566640945651335,1.0,1.0,1.0,1.4876577837614973
1.0,-0.007750851533639969,0.6118457086244948,-0.30725476559542675,-0.5404500582927132,-1.0,7.699248809944563
-0.3680872009688428,-0.11793727247743302,-0.47364351685027056,0.28410858091641256,1.0,-0.12815796229523246,-0.8314799135764102
-0.28134403950678355,-0.20617622424956836,-1.0,-1.0,1.0,0.20275383987110773,0.21794105550656057
-0.9399407503335411,-0.8548610861984708,0.47514211123172245,0.1894979029373644,0.8727639836320666,0.10588429702809177,1.6405497675769949
1.0,-0.7352599437960048,0.2746043303126019,1.0,-1.0,0.9337083814303203,8.816315888017481
-0.09336013945269067,-0.018888784669658085,1.0,0.5827538848511233,-1.0,-0.2684406113833767,-0.10601472546832269
-0.1825301427838817,0.5797502800010428,1.0,0.9162234792449833,1.0,0.7145368467212806,-2.296908307332541
0.23466251301676555,-0.9795027803513581,-0.3629316557999247,-1.0,0.811431602286693,0.6136211667607481,-3.048728646735583
1.0,0.15071864520426903,0.7106228395195597,1.0,-1.0,-1.0,8.783745997441567
0.12800871210073805,-0.4682200780036745,-0.8959535671158496,-0.45116687006933753,0.5174092148966876,0.9947673381096283,4.003591435815575
-0.2891554379485367,-1.0,-0.03409467671713806,-0.11161287160023303,1.0,1.0,3.6390343712516104
1.0,0.92187481288668,1.0,0.5199566536340914,1.0,-0.11465609338414795,-5.599127661692056
0.9789605938898762,-0.030743730977841027,-1.0,1.0,-0.3881214297505521,-1.0,3.5154961882266518
-0.8311246419966374,-0.0020691824603060113,-1.0,1.0,-1.0,0.0006618240799683428,-3.038848797067364
-0.3920709649714303,1.0,0.45874903719602733,0.7889105497133808,0.31706026300331813,-1.0,1.1968136732066867
0.7838867369826608,0.8576056565182122,0.7494318441757296,0.8125513984493307,1.0,0.7614039235429325,-4.412299630670492
-0.4320361910053144,-0.3527867746656015,-1.0,-0.8914370824239337,0.792540121787738,0.4695619279598563,0.993555498925582
-1.0,-0.7325541963262227,0.9036171266443486,-0.011947419445462903,-1.0,-0.23936581070865615,-1.61115179122625
1.0,1.0,1.0,1.0,0.9526656946086673,-1.0,-4.825348235609289
-0.7467829737800724,-1.0,-1.0,-0.7944764269040724,-0.3033192583437363,-0.467915482540055,-2.260526657196791
0.6478486951035387,0.4745519122851645,1.0,0.40079511414029567,0.8821390714538146,0.5498681598705677,-2.9520185408054487
1.0,0.8338259934393004,0.3107818778926388,-0.20696355624903146,1.0,0.629949414446616,-0.10360284474479609
-1.0,-0.5080315263148365,-1.0,-0.10007588736814732,-0.2879021719299547,-0.10142681907311113,-1.7595140856667202
-1.0,-0.47398793037030873,0.29502404375203833,-0.3162608970144589,-1.0,-0.9865872591288936,0.22724512502953886
0.39058386350935775,0.3748465813168469,0.3113474920732525,0.40039763791095784,0.28633870469242406,-0.1696198016655489,0.3388894802799155
1.0,0.37072493012629915,0.07222644119126775,0.5634077599207499,0.5309434129272137,0.7708532970539195,-0.19470604733186445
-0.4375304321433416,-0.7565903863932891,-1.0,-0.7329613546167454,-1.0,-0.3429798566290011,-0.5678374585023781
-1.0,-0.34949952954319974,-1.0,-0.509681735250751,0.7489547226832552,-1.0,6.192692873524473
1.0,1.0,0.8344886128854732,1.0,-0.43453574775492715,-0.9215312546709181,5.523286477848148
-0.05199193228826926,-0.5353278852386787,-0.4159366130389336,-0.2510359850784175,-1.0,-1.0,2.2178937205876963
-0.5467058449452844,-1.0,1.0,0.11679926928987053,0.9935260579024738,-0.23753364726598303,4.93583065303395
0.19625105919105446,-0.1697642530201247,0.26878467788787774,-0.45195021592756546,-0.3080815927702232,-0.7393419861795751,2.4558508182965477
0.3928792585084291,0.7003258260352238,-0.19812206783300434,1.0,-0.4044906325613748,0.74953141431625,3.2828809269536707
-1.0,-0.7474996533613527,-1.0,-0.7403685537249405,1.0,-1.0,3.318350084825421
-0.7120371157098979,-0.5042645999824413,-0.13810451338411922,-0.16644286962639132,1.0,1.0,4.79471830446445
-0.3963442096223363,-1.0,-0.12254840429052671,-1.0,-0.05172541171560527,0.5100283422524705,-2.4699907523222517
-0.4696288257141481,-1.0,0.5194954028963528,-0.40823485354547673,0.19360372083498206,0.6510020759356123,-0.08713587218761504
0.9152599095049463,0.28700937322128595,0.6634335084067549,0.9668546036545937,-0.9476055309314363,0.5826684044060231,1.5805253359559428
-0.41466627398576916,-1.0,-0.6012775172083091,-1.0,0.20918222764972372,-0.5096107406009948,0.3251783790763083
1.0,1.0,0.9645658644687269,0.9721430248878855,1.0,0.3079894723355465,-8.280724332208555
-0.23825184511610376,0.10014321032128096,-0.3907900133888571,-1.0,-1.0,-1.0,0.42542990824253923
0.5236118700232857,-0.037089189182580085,0.3860032465738741,0.7527272897355972,1.0,1.0,0.87536262785188
-1.0,-0.7363409107907238,0.002573220821388722,-0.7941293643080634,-0.45886912984539463,0.2978249999683087,-2.2146380492623976
-0.11492586057325796,-0.14652995982201866,0.38826021462336446,-0.9318623804141788,-1.0,-1.0,2.6500498520170432
0.284198726915646,-0.25441434182007217,-1.0,-0.48580661110651424,-0.213790760818368,1.0,5.431901036078572
0.12450588422126743,1.0,0.8887951474130096,-0.37574025011034684,-1.0,-1.0,-2.9643138293385833
0.8079638635038915,1.0,0.7785546623496304,0.8451166953069864,1.0,0.5022617388630624,-5.442885884869963
0.17939484573102368,-0.6081662624866087,0.6159785905718078,-0.655749402196039,-0.16553730609972828,0.7217188712920991,0.7648639040016744
-1.0,-0.02797771608386279,-1.0,0.6461493896658683,-0.7537341573644226,0.47540052497014706,-1.3777475658635912
1.0,0.8156453013662142,1.0,-0.0674739011001384,0.7377381796288942,1.0,-4.536043004074542
1.0,1.0,0.8598550554075846,1.0,-0.35787531749192425,0.19358476564752927,-0.6625020015020542
0.07275610823493117,-1.0,-1.0,0.08287419302891064,-0.12881742876885277,0.8591126447433843,2.161529597503814
0.35331747987718976,0.36114471072250764,1.0,1.0,-0.9368407420305664,-0.2563677903778593,0.5804923308840795
-0.33113149997223124,-0.4926468800603443,-0.8232014255370289,-1.0,-1.0,-1.0,1.9390649094890917
1.0,1.0,0.7361432157751792,0.18090003969657387,-1.0,-0.6779622470428872,4.0078465188438015
